"","iso3c","Country","Region","Continent","Cost_1_GB_USD_month_2018","Cost_1_GB_USD_month_2019","Afford_decile_1_2015","Afford_decile_1_2016","Afford_decile_1_2017","Afford_decile_1_2018","Afford_decile_1_2019","Afford_2015","Afford_2016","Afford_2017","Afford_2018","Afford_2019","Price_data_year_2015","Price_data_year_2016","Price_data_year_2017","Price_data_year_2018","Price_data_year_2019","GNI_WB_capita_2015","GNI_WB_capita_2016","GNI_WB_capita_2017","GNI_WB_capita_2018","GNI_WB_capita_2019","share_bottom_10_2015","share_bottom_10_2016","share_bottom_10_2017","share_bottom_10_2018","share_bottom_10_2019","Decile_1_current_2015","Decile_1_current_2016","Decile_1_current_2017","Decile_1_current_2018","Decile_1_current_2019","surveyyear_2015","surveyyear_2016","surveyyear_2017","surveyyear_2018","surveyyear_2019","A4AI_Income_2018","A4AI_Income_2019","A4AI_Income_month_2018","A4AI_Income_month_2019"
"1","AFG","Afghanistan","South Asia","Asia",1.98221537547,1.912924166597,NA,NA,NA,NA,NA,NA,NA,NA,0.04173085001,0.041736527271,NA,NA,NA,22.9519675055,22.53772472634,NA,NA,NA,550,540,NA,NA,NA,NA,NA,NA,NA,NA,NA,NA,NA,NA,NA,NA,NA,569.999999998562,550.000000002731,47.4999999998802,45.833333333561
"2","DZA","Algeria","Middle East & North Africa","Africa",6.72549663081,6.702796443123,NA,NA,NA,0.0509507320515909,0.050650854733927,NA,NA,NA,0.02038029282,0.019811221014,NA,NA,NA,80.7059595672,78.65054742558,NA,NA,NA,3960,3970,NA,NA,NA,4,4,NA,NA,NA,1584,1588,NA,NA,NA,"2011","2011",3960.00000012365,4060.0000000321,330.000000010304,338.333333336009
"3","AGO","Angola","Sub-Saharan Africa","Africa",13.03883203861,6.098903279142,NA,NA,NA,0.374948441081524,0.184582192559153,NA,NA,NA,0.04698678212,0.021717163012,NA,NA,NA,150.8275706052,66.2373471866,NA,NA,NA,3210,3050,NA,NA,NA,1.3,1.3,NA,NA,NA,417.3,396.5,NA,NA,NA,"2018","2018",3330.00000007917,3369.99999996611,277.500000006598,280.833333330509
"4","ARG","Argentina","Latin America & Caribbean","Americas",12.14864362107,6.83922833408,0.0838888888888889,0.0877777777777778,0.0433333333333333,0.0653680044179177,0.0407096924647619,0.0151,0.0158,0.0078,0.01117973339,0.006634659661,189.807,193.076,102.336,138.5168967021,74.3081882032,12570,12220,13120,12390,11200,1.8,1.8,1.8,1.8,1.8,2262.6,2199.6,2361.6,2230.2,2016,"2016","2016","2017","2018","2018",13040.0000042255,12370.0000003602,1086.66666701879,1030.83333336335
"5","BGD","Bangladesh","South Asia","Asia",2.87710368016,2.240486849893,0.0981081081081081,0.0718918918918919,0.0605405405405405,0.0533208404045096,0.0374558960695403,0.0363,0.0266,0.0224,0.02348656065,0.015363338399,44.286,36.442,34.048,41.1014811375,29.80487649406,1220,1370,1520,1750,1940,3.7,3.7,3.7,3.7,3.7,451.4,506.9,562.4,647.5,717.8,"2016","2016","2016","2016","2016",1470.00000027335,1750.00000003033,122.500000022779,145.833333335861
"6","BLZ","Belize","Latin America & Caribbean","Americas",17.11146201016,17.375621668591,NA,NA,NA,NA,NA,NA,NA,NA,0.04677392805,0.044175309327,NA,NA,NA,208.1439798225,196.58012650515,NA,NA,NA,4450,4450,NA,NA,NA,NA,NA,NA,NA,NA,NA,NA,NA,NA,NA,NA,NA,4389.99999962415,4719.99999999212,365.833333302012,393.333333332677
"7","BEN","Benin","Sub-Saharan Africa","Africa",5.2204424366,4.281616666508,1.66,1.65,1.08,0.52204424366,0.411035199984768,0.166,0.165,0.108,0.07830663655,0.059056781607,195.88,183.15,117.72,93.96796386,73.82097700875,1180,1110,1090,1200,1250,1,1,1,1,1,118,111,109,120,125,"2015","2015","2015","2015","2015",799.999999989784,870.000000000102,66.6666666658153,72.5000000000085
"8","BOL","Bolivia","Latin America & Caribbean","Americas",5.68353008691,5.790808888617,0.262727272727273,0.263636363636364,0.2275,0.134920595534956,0.131236462064974,0.0289,0.029,0.0273,0.02178989171,0.020620090998,85.544,88.16,84.357,73.4319350627,72.78892122294,2960,3040,3090,3370,3530,1.1,1.1,1.2,1.5,1.5,325.6,334.4,370.8,505.5,529.5,"2015","2016","2017","2018","2018",3129.99999956953,3370.00000000698,260.83333329746,280.833333333915
"9","BWA","Botswana","Sub-Saharan Africa","Africa",8.84477743693,8.85114630907,0.382666666666667,0.340666666666667,0.146,0.0954901747576788,0.0924401703297128,0.0574,0.0511,0.0219,0.01556265825,0.013705000737,392.616,335.727,147.387,115.3192976325,104.98030564542,6840,6570,6730,7410,7660,1.5,1.5,1.5,1.5,1.5,1026,985.5,1009.5,1111.5,1149,"2015","2015","2015","2015","2015",6819.99999859664,7749.99999978767,568.333333216387,645.833333315639
"10","BRA","Brazil","Latin America & Caribbean","Americas",5.24530899061,9.826132073658,0.164166666666667,0.127272727272727,0.17,0.0693212641930837,0.12914960009189,0.0197,0.014,0.017,0.00733609649,0.012900829856,200.743,124.88,147.9,66.6117561292,117.78457658528,10190,8920,8700,9080,9130,1.2,1.1,1,1,1,1222.8,981.2,870,908,913,"2015","2016","2017","2018","2018",8580.00000042529,9140.00000000434,715.000000035441,761.666666667028
"11","BFA","Burkina Faso","Sub-Saharan Africa","Africa",7.52234909455,4.281666666447,0.429166666666667,0.419444444444444,0.393333333333333,0.329927591866228,0.180661040778354,0.1545,0.151,0.1416,0.14798063793,0.077848484844,108.15,99.66,96.288,112.4652848268,61.50030302676,700,660,680,760,790,3.6,3.6,3.6,3.6,3.6,252,237.6,244.8,273.6,284.4,"2014","2014","2014","2014","2014",609.999999981754,660.000000004162,50.8333333318129,55.0000000003468
"12","BDI","Burundi","Sub-Saharan Africa","Africa",3.21707887661,3.172826319105,NA,NA,NA,0.492410032134184,0.485636681495663,NA,NA,NA,0.13312050524,0.135978270819,NA,NA,NA,37.2737414672,38.07391582932,NA,NA,NA,280,280,NA,NA,NA,2.8,2.8,NA,NA,NA,78.4,78.4,NA,NA,NA,"2013","2013",289.999999997897,279.999999999559,24.1666666664914,23.3333333332966
"13","KHM","Cambodia","East Asia & Pacific","Asia",2,2,NA,NA,NA,NA,NA,0.0336,0.0211,0.0195,0.01951219512,0.017391304348,35.616,24.054,23.985,26.9268292656,25.73913043504,1060,1140,1230,1380,1480,NA,NA,NA,NA,NA,NA,NA,NA,NA,NA,NA,NA,NA,NA,NA,1230.000000123,1379.9999999862,102.50000001025,114.99999999885
"14","CMR","Cameroon","Sub-Saharan Africa","Africa",3.48029495773,3.425293333207,0.721764705882353,0.378235294117647,0.373529411764706,0.170602694006373,0.161190274503859,0.1227,0.0643,0.0635,0.03070848492,0.02854411111,176.688,88.734,85.09,44.2202182848,42.816166665,1440,1380,1340,1440,1500,1.7,1.7,1.7,1.7,1.7,244.8,234.6,227.8,244.8,255,"2014","2014","2014","2014","2014",1360.0000000508,1440.00000000294,113.333333337567,120.000000000245
"15","CPV","Cape Verde","Sub-Saharan Africa","Africa",5.17059859135,5.093961110998,NA,NA,NA,0.0829507795403743,0.0765433675581969,NA,NA,NA,0.02075156625,0.017718125603,NA,NA,NA,70.55532525,64.31679593889,NA,NA,NA,3400,3630,NA,NA,NA,2.2,2.2,NA,NA,NA,748,798.6,NA,NA,NA,"2015","2015",2990.00000041925,3450.00000009177,249.166666701604,287.500000007648
"16","CAF","Central African Republic","Sub-Saharan Africa","Africa",9.19792238829,9.052560952046,NA,NA,NA,1.87712701801837,1.74087710616269,NA,NA,NA,0.28301299656,0.226314023801,NA,NA,NA,138.6763683144,117.68329237652,NA,NA,NA,490,520,NA,NA,NA,1.2,1.2,NA,NA,NA,58.8,62.4,NA,NA,NA,"2008","2008",390.000000003816,480.000000000318,32.500000000318,40.0000000000265
"17","TCD","Chad","Sub-Saharan Africa","Africa",12.18103235206,11.988526666224,NA,NA,NA,1.1942188580451,1.14176444440229,NA,NA,NA,0.23201966385,0.214719880589,NA,NA,NA,157.773371418,150.3039164123,NA,NA,NA,680,700,NA,NA,NA,1.8,1.8,NA,NA,NA,122.4,126,NA,NA,NA,"2011","2011",629.999999996638,670.00000000027,52.4999999997199,55.8333333333558
"18","CHN","China","East Asia & Pacific","Asia",9.82855161289,5.571084999789,NA,0.107037037037037,0.0992592592592593,0.0454079538595057,0.0237851851842843,NA,0.0289,0.0268,0.01357222317,0.007059453009,NA,239.003,234.232,130.5647868954,73.48890582369,7940,8270,8740,9620,10410,2.6,2.7,2.7,2.7,2.7,2064.4,2232.9,2359.8,2597.4,2810.7,"2015","2016","2016","2016","2016",8690.00000054376,9470.00000031702,724.16666671198,789.166666693085
"19","COL","Colombia","Latin America & Caribbean","Americas",12.51828720878,9.263243334473,0.137692307692308,0.155384615384615,0.207857142857143,0.171405119243907,0.121965020862054,0.0179,0.0202,0.0291,0.0257666289,0.017957822296,131.207,130.492,172.563,161.299096914,116.90542314696,7330,6460,5930,6260,6510,1.3,1.3,1.4,1.4,1.4,952.9,839.8,830.2,876.4,911.4,"2015","2016","2017","2018","2018",5830.00000071255,6190.00000007996,485.833333392712,515.833333339997
"20","COM","Comoros","Sub-Saharan Africa","Africa",6.07847719673,5.990263125092,NA,NA,NA,0.330352021561413,0.316387136888662,NA,NA,NA,0.09597595574,0.054456937501,NA,NA,NA,132.4468189212,77.32885125142,NA,NA,NA,1380,1420,NA,NA,NA,1.6,1.6,NA,NA,NA,220.8,227.2,NA,NA,NA,"2014","2014",759.999999982912,1319.99999999603,63.3333333319094,109.999999999669
"21","COG","Congo - Brazzaville","Sub-Saharan Africa","Africa",8.87475214222,8.734497999677,NA,NA,NA,0.396194292063393,0.374335628557586,NA,NA,NA,0.07830663655,0.063910960973,NA,NA,NA,131.555149404,111.84418170275,NA,NA,NA,1680,1750,NA,NA,NA,1.6,1.6,NA,NA,NA,268.8,280,NA,NA,NA,"2011","2011",1359.99999998263,1640.00000000632,113.333333331886,136.666666667193
"22","COD","Congo - Kinshasa","Sub-Saharan Africa","Africa",12.57142857143,10.714285714286,NA,NA,NA,1.43673469387771,1.17739403453692,NA,NA,NA,0.33523809524,0.262390670554,NA,NA,NA,167.61904762,136.44314868808,460,470,460,500,520,2.1,2.1,2.1,2.1,2.1,96.6,98.7,96.6,105,109.2,"2012","2012","2012","2012","2012",449.999999997494,489.999999999893,37.4999999997912,40.8333333333244
"23","CRI","Costa Rica","Latin America & Caribbean","Americas",6.57673250707,6.751797777985,0.134666666666667,0.123333333333333,0.076875,0.0453959103162727,0.0461661386528889,0.0202,0.0185,0.0123,0.00714862229,0.007039233131,210.08,199.245,137.145,82.8525323411,82.3590276327,10400,10770,11150,11590,11700,1.5,1.5,1.6,1.5,1.5,1560,1615.5,1784,1738.5,1755,"2015","2016","2017","2018","2018",11040.0000004532,11509.9999997173,920.000000037769,959.166666643108
"24","CIV","Côte d’Ivoire","Sub-Saharan Africa","Africa",7.02085915492,6.850666666315,0.344285714285714,0.302857142857143,0.333809523809524,0.184033005371429,0.170946142640424,0.0723,0.0636,0.0701,0.05470799341,0.051060869563,120.018,117.024,142.303,119.2634256338,116.92939129927,1660,1840,2030,2180,2290,2.1,2.1,2.1,2.1,2.1,348.6,386.4,426.3,457.8,480.9,"2015","2015","2015","2015","2015",1540.00000013965,1609.99999998727,128.333333344971,134.166666665606
"25","CUB","Cuba","Latin America & Caribbean","Americas",9.81030249715,10.007798888526,NA,NA,NA,NA,NA,NA,NA,NA,NA,NA,NA,NA,NA,NA,NA,NA,NA,NA,NA,NA,NA,NA,NA,NA,NA,NA,NA,NA,NA,NA,NA,NA,NA,NA,NA,NA,NA,NA,NA
"26","DOM","Dominican Republic","Latin America & Caribbean","Americas",7.90517543644,7.898031110882,0.208947368421053,0.0905555555555555,0.0647826086956522,0.0531499917286419,0.0509358700115999,0.0397,0.0163,0.0149,0.01430800984,0.012859752148,261.226,111.818,105.641,111.0301563584,104.03539487732,6580,6860,7090,7760,8090,1.9,1.8,2.3,2.3,2.3,1250.2,1234.8,1630.7,1784.8,1860.7,"2015","2016","2017","2018","2018",6629.99999986581,7369.99999998631,552.499999988817,614.166666665526
"27","ECU","Ecuador","Latin America & Caribbean","Americas",10,10,0.41125,0.2575,0.381875,0.123152709359606,0.123355263157895,0.0658,0.0412,0.0611,0.02037351443,0.019607843137,392.826,239.372,358.046,124.0747028787,119.21568627296,5970,5810,5860,6090,6080,1.6,1.6,1.6,1.6,1.6,955.2,929.6,937.6,974.4,972.8,"2015","2016","2017","2018","2018",5890.00000035831,6120.00000007956,490.833333363192,510.00000000663
"28","EGY","Egypt","Middle East & North Africa","Africa",1.11642294605,1.176265333394,0.0305128205128205,0.0123684210526316,0.00868421052631579,0.0125912362336466,0.0138086323622853,0.0119,0.0047,0.0033,0.0044508556,0.005041137143,39.984,16.262,10.032,12.46239568,13.56065891467,3360,3460,3040,2800,2690,3.9,3.8,3.8,3.8,3.8,1310.4,1314.8,1155.2,1064,1022.2,"2015","2017","2017","2017","2017",3009.9999992361,2800.00000006506,250.833333269675,233.333333338755
"29","SLV","El Salvador","Latin America & Caribbean","Americas",15,10,NA,NA,NA,0.196335078534031,0.125,NA,NA,NA,0.05056179775,0.031413612565,NA,NA,NA,193.146067405,125.65445026,NA,NA,NA,3820,4000,NA,NA,NA,2.4,2.4,NA,NA,NA,916.8,960,NA,NA,NA,"2018","2018",3560.00000019778,3820.00000005412,296.666666683148,318.333333337843
"30","GNQ","Equatorial Guinea","Sub-Saharan Africa","Africa",34.79713271626,34.252933332067,NA,NA,NA,NA,NA,NA,NA,NA,NA,NA,NA,NA,NA,NA,NA,NA,NA,NA,6650,6460,NA,NA,NA,NA,NA,NA,NA,NA,NA,NA,NA,NA,NA,NA,NA,NA,NA,NA,NA
"31","ETH","Ethiopia","Sub-Saharan Africa","Africa",3.55831550652,3.477096666245,0.676896551724138,0.466551724137931,0.332758620689655,0.184050802061379,0.169270425942961,0.1963,0.1353,0.0965,0.05770241362,0.052816658221,117.78,90.651,71.41,46.161930896,44.89415948785,600,670,740,800,850,2.9,2.9,2.9,2.9,2.9,174,194.3,214.6,232,246.5,"2015","2015","2015","2015","2015",739.999999990295,790.000000006627,61.6666666658579,65.8333333338856
"32","FJI","Fiji","East Asia & Pacific","Oceania",12.01021812516,13.941604926917,NA,NA,NA,0.079336462348299,0.0920947149196323,NA,NA,NA,0.02899851459,0.028549361625,NA,NA,NA,169.9312954974,167.2992591225,NA,NA,NA,5860,5860,NA,NA,NA,3.1,3.1,NA,NA,NA,1816.6,1816.6,NA,NA,NA,"2013","2013",4969.99999964205,5860.00000001765,414.166666636838,488.333333334804
"33","GAB","Gabon","Sub-Saharan Africa","Africa",6.96058991546,6.850586666413,NA,NA,NA,0.0555883661556768,0.051826402721571,NA,NA,NA,0.01263647186,0.012089270588,NA,NA,NA,86.3071028038,87.16364093948,NA,NA,NA,6830,7210,NA,NA,NA,2.2,2.2,NA,NA,NA,1502.6,1586.2,NA,NA,NA,"2017","2017",6609.99999928144,6799.99999988055,550.833333273454,566.666666656713
"34","GMB","Gambia","Sub-Saharan Africa","Africa",5.07917301529,5.041019891918,0.470666666666667,0.595,0.510333333333333,0.286150592410704,0.272487561725297,0.1412,0.1785,0.1531,0.13544461374,0.086417483861,87.544,110.67,99.515,96.1656757554,63.94893805714,620,620,650,710,740,3,3,3,3,3,186,186,195,213,222,"2015","2015","2015","2015","2015",450.000000003544,700.000000003657,37.5000000002953,58.3333333336381
"35","GEO","Georgia","Europe & Central Asia","Asia",1.85872570866,1.821788166439,NA,NA,NA,0.0208377321598655,0.0192171747514662,NA,NA,NA,0.00588514736,0.005293331234,NA,NA,NA,26.2477572256,25.09039004916,NA,NA,NA,4460,4740,NA,NA,NA,2.4,2.4,NA,NA,NA,1070.4,1137.6,NA,NA,NA,"2018","2018",3790.00000161763,4130.0000001602,315.833333468136,344.166666680017
"36","GHA","Ghana","Sub-Saharan Africa","Africa",4.09513569442,3.597685142626,0.243125,0.256875,0.2225,0.144194918817606,0.121543416980608,0.0389,0.0411,0.0356,0.03298095861,0.020268648691,75.466,74.802,67.284,70.2494418393,44.99640009402,1940,1820,1890,2130,2220,1.6,1.6,1.6,1.6,1.6,310.4,291.2,302.4,340.8,355.2,"2016","2016","2016","2016","2016",1490.00000012553,2129.99999998431,124.166666677127,177.499999998693
"37","GTM","Guatemala","Latin America & Caribbean","Americas",12.60715109013,12.910507499268,NA,0.247058823529412,0.231176470588235,0.202714475521318,0.197685453606247,NA,0.042,0.0393,0.03726251554,0.035130632651,NA,162.54,160.737,163.5824432206,161.95221652111,3700,3870,4090,4390,4610,1.7,1.7,1.7,1.7,1.7,629,657.9,695.3,746.3,783.7,"2014","2014","2014","2014","2014",4059.99999970909,4410.00000000871,338.333333309091,367.500000000726
"38","GIN","Guinea","Sub-Saharan Africa","Africa",4.74853788531,3.64667778232,NA,NA,NA,0.223460606367529,0.153544327676632,NA,NA,NA,0.06949079832,0.052723052275,NA,NA,NA,59.067178572,50.08689966125,NA,NA,NA,850,950,NA,NA,NA,3,3,NA,NA,NA,255,285,NA,NA,NA,"2012","2012",820.000000018995,829.999999992224,68.3333333349163,69.1666666660186
"39","GNB","Guinea-Bissau","Sub-Saharan Africa","Africa",12.67821734603,12.477854285253,NA,NA,NA,1.267821734603,1.14126716023655,NA,NA,NA,0.23051304266,0.199645668564,NA,NA,NA,172.884781995,163.70944822248,NA,NA,NA,750,820,NA,NA,NA,1.6,1.6,NA,NA,NA,120,131.2,NA,NA,NA,"2010","2010",659.999999985944,750.00000000018,54.9999999988287,62.500000000015
"40","GUY","Guyana","Latin America & Caribbean","Americas",7.89274407744,8.138793445205,NA,NA,NA,NA,NA,NA,NA,NA,0.02123608272,0.020517966669,NA,NA,NA,101.2961145744,106.28306734542,NA,NA,NA,4770,5180,NA,NA,NA,NA,NA,NA,NA,NA,NA,NA,NA,NA,NA,NA,NA,4459.99999990959,4759.9999999035,371.666666659132,396.666666658625
"41","HTI","Haiti","Latin America & Caribbean","Americas",2.44747275213,2.034504999993,0.378095238095238,0.280952380952381,0.292380952380952,0.174819482295,0.147161301988644,0.0794,0.059,0.0614,0.03864430661,0.030517575,65.108,46.02,46.664,30.915445288,24.10888425,820,780,760,800,790,2.1,2.1,2.1,2.1,2.1,172.2,163.8,159.6,168,165.9,"2012","2012","2012","2012","2012",760.000000050719,799.999999997248,63.3333333375599,66.6666666664373
"42","HND","Honduras","Latin America & Caribbean","Americas",18.86219899213,18.760961996957,0.658461538461538,0.975,0.815454545454546,1.08403442483506,1.0466366525499,0.0856,0.0975,0.0897,0.10059839462,0.096622980242,176.336,206.7,201.825,233.3882755184,230.92892277838,2060,2120,2250,2320,2390,1.3,1,1.1,0.9,0.9,267.8,212,247.5,208.8,215.1,"2015","2016","2017","2018","2018",2250.00000010497,2329.99999999611,187.500000008748,194.166666666342
"43","IND","India","South Asia","Asia",0.72773835441,0.753854499951,0.107575757575758,0.0815151515151515,0.0463636363636364,0.013165777556038,0.0128699018344174,0.0355,0.0269,0.0153,0.00479827486,0.004478343564,56.8,45.192,27.999,9.6445324686,9.53887179132,1600,1680,1830,2010,2130,3.3,3.3,3.3,3.3,3.3,528,554.4,603.9,663.3,702.9,"2011","2011","2011","2011","2011",1820.00000160891,2020.00000002947,151.666666800743,168.33333333579
"44","IDN","Indonesia","East Asia & Pacific","Asia",2.29700023121,3.859724610895,0.0527586206896552,0.0517857142857143,0.0339285714285714,0.0255695758576252,0.0408436466761376,0.0153,0.0145,0.0095,0.00778644146,0.012061639409,52.479,49.3,33.535,29.977799621,48.84963960645,3430,3400,3530,3850,4050,2.9,2.8,2.8,2.8,2.8,994.7,952,988.4,1078,1134,"2015","2016","2017","2018","2018",3540.00000078598,3840.00000001492,295.000000065499,320.000000001244
"45","IRN","Iran","Middle East & North Africa","Asia",1.65973013614,1.920000000192,NA,NA,NA,NA,NA,NA,NA,NA,0.00368828919,NA,NA,NA,NA,NA,NA,NA,NA,NA,NA,NA,NA,NA,NA,NA,NA,NA,NA,NA,NA,NA,NA,NA,NA,NA,NA,5400.00000208227,NA,450.000000173522,NA
"46","JAM","Jamaica","Latin America & Caribbean","Americas",5.89961415414,7.723359199272,0.06,0.187619047619048,0.0861904761904762,0.0678311486535211,0.0840637735975184,0.0126,0.0394,0.0181,0.01490428839,0.018573208495,59.346,181.24,85.794,74.0743132983,97.50934459875,4710,4600,4740,4970,5250,2.1,2.1,2.1,2.1,2.1,989.1,966,995.4,1043.7,1102.5,"2004","2004","2004","2004","2004",4749.99999981079,4990.00000006536,395.833333317566,415.83333333878
"47","JOR","Jordan","Middle East & North Africa","Asia",8.15154555201,8.181189999787,0.0414285714285714,0.062,0.0422857142857143,0.066543228996,0.0652320797325209,0.0145,0.0217,0.0148,0.02457752428,0.023319306413,56.55,85.281,59.496,103.225601976,100.2730175759,3900,3930,4020,4200,4300,3.5,3.5,3.5,3.5,3.5,1365,1375.5,1407,1470,1505,"2010","2010","2010","2010","2010",3979.99999958173,4209.99999994485,331.666666631811,350.833333328738
"48","KAZ","Kazakhstan","Europe & Central Asia","Asia",2.12547511647,2.075089488733,0.0130232558139535,0.0147619047619048,0.0158139534883721,0.00735013440466845,0.00657315256574083,0.0056,0.0062,0.0068,0.00323266177,0.003180213776,63.728,54.374,54.672,26.0875804839,28.01768336656,11380,8770,8040,8070,8810,4.3,4.2,4.3,4.3,4.3,4893.4,3683.4,3457.2,3470.1,3788.3,"2015","2016","2017","2017","2017",7890.00001000414,7829.99999959625,657.500000833678,652.499999966354
"49","KEN","Kenya","Sub-Saharan Africa","Africa",4.86201912371,4.190310535602,0.405,0.180416666666667,0.167083333333333,0.151938097615937,0.119723158160057,0.0972,0.0433,0.0401,0.04051682603,0.031039337301,125.388,58.455,56.942,64.826921648,54.31884027675,1290,1350,1420,1600,1750,2.4,2.4,2.4,2.4,2.4,309.6,324,340.8,384,420,"2015","2015","2015","2015","2015",1440.00000003258,1619.99999998724,120.000000002715,134.999999998937
"50","KGZ","Kyrgyzstan","Europe & Central Asia","Asia",3.07728772466,3.070477563426,NA,NA,NA,0.0703916368584064,0.0691030209323181,NA,NA,NA,0.03267916168,0.030201418657,NA,NA,NA,39.8685772496,37.44975913468,NA,NA,NA,1220,1240,NA,NA,NA,4.3,4.3,NA,NA,NA,524.6,533.2,NA,NA,NA,"2018","2018",1129.99999992411,1219.99999998583,94.1666666603426,101.666666665486
"51","LAO","Laos","East Asia & Pacific","Asia",4.70607635556,4.60789999987,NA,NA,NA,0.072031780952449,0.0672358949397373,NA,NA,NA,0.02487793668,0.022477560975,NA,NA,NA,60.950944866,57.76733170575,NA,NA,NA,2450,2570,NA,NA,NA,3.2,3.2,NA,NA,NA,784,822.4,NA,NA,NA,"2012","2012",2270.00000012541,2459.99999999733,189.166666677118,204.999999999778
"52","LBN","Lebanon","Middle East & North Africa","Asia",21.09,21.09,NA,NA,NA,0.105749623934481,0.10741935483871,NA,NA,NA,0.03045487365,0.032910273082,NA,NA,NA,235.111624578,250.1180754232,NA,NA,NA,7720,7600,NA,NA,NA,3.1,3.1,NA,NA,NA,2393.2,2356,NA,NA,NA,"2011","2011",8309.99999896568,7689.99999998238,692.499999913807,640.833333331865
"53","LSO","Lesotho","Sub-Saharan Africa","Africa",4.80481042436,5.363372570816,NA,NA,NA,0.264971163108088,0.278375738969689,NA,NA,NA,0.04504509773,0.046638022355,NA,NA,NA,57.6577250944,63.4277104028,NA,NA,NA,1280,1360,NA,NA,NA,1.7,1.7,NA,NA,NA,217.6,231.2,NA,NA,NA,"2017","2017",1279.99999995382,1379.99999999768,106.666666662819,114.999999999807
"54","LBR","Liberia","Sub-Saharan Africa","Africa",5.75,8.625,NA,NA,NA,0.390050876201244,0.615338882282996,NA,NA,NA,0.18157894737,0.1725,NA,NA,NA,110.7631578957,100.05,630,620,620,610,580,2.9,2.9,2.9,2.9,2.9,182.7,179.8,179.8,176.9,168.2,"2016","2016","2016","2016","2016",379.999999996696,600,31.6666666663913,50
"55","LBY","Libya","Middle East & North Africa","Africa",11.22387353737,11.367682662815,NA,NA,NA,NA,NA,NA,NA,NA,0.02059426337,0.021550109313,NA,NA,NA,140.040990916,164.64283515132,NA,NA,NA,6800,7640,NA,NA,NA,NA,NA,NA,NA,NA,NA,NA,NA,NA,NA,NA,NA,6540.00000041953,6330.00000011554,545.000000034961,527.500000009629
"56","MDG","Madagascar","Sub-Saharan Africa","Africa",6.24028015187,5.988054500056,NA,NA,NA,0.66740964191123,0.628117604900979,NA,NA,NA,0.18720840456,0.163310577274,NA,NA,NA,95.4762863256,84.92150018248,NA,NA,NA,510,520,NA,NA,NA,2.2,2.2,NA,NA,NA,112.2,114.4,NA,NA,NA,"2012","2012",399.999999991667,440.000000000686,33.3333333326389,36.6666666667238
"57","MWI","Malawi","Sub-Saharan Africa","Africa",4.86279958319,4.754716944386,1.38307692307692,0.772692307692308,0.686538461538461,0.641248296684396,0.577495985148097,0.3596,0.2009,0.1785,0.18235498437,0.158490564813,125.86,68.306,60.69,63.8242445295,60.22641462894,350,340,340,350,380,2.6,2.6,2.6,2.6,2.6,91,88.4,88.4,91,98.8,"2016","2016","2016","2016","2016",319.999999999342,359.999999999697,26.6666666666118,29.9999999999748
"58","MYS","Malaysia","East Asia & Pacific","Asia",7.18809943433,3.616636666678,0.0517391304347826,0.0356521739130435,0.0465217391304348,0.0354137181146939,0.0168476863354565,0.0119,0.0082,0.0107,0.00893856924,0.004149105163,127.092,83.23,106.358,94.6594482516,46.4699778256,10680,10150,9940,10590,11200,2.3,2.3,2.3,2.3,2.3,2456.4,2334.5,2286.2,2435.7,2576,"2015","2015","2015","2015","2015",9650.00000514176,10459.9999988325,804.166667095147,871.666666569377
"59","MLI","Mali","Sub-Saharan Africa","Africa",6.96058991546,6.850586666413,0.586969696969697,0.585757575757576,0.637575757575758,0.301324238764502,0.28308209365343,0.1937,0.1933,0.2104,0.10847672596,0.099044626502,154.96,150.774,162.008,91.1204498064,87.15927132176,800,780,770,840,880,3.3,3.3,3.3,3.3,3.3,264,257.4,254.1,277.2,290.4,"2009","2009","2009","2009","2009",769.999999966076,830.000000002989,64.1666666638396,69.1666666669157
"60","MUS","Mauritius","Sub-Saharan Africa","Africa",5.94370868886,5.959529333491,0.0386206896551724,0.036551724137931,0.0348275862068965,0.0204274556840188,0.0193564532024825,0.0112,0.0106,0.0101,0.00703397478,0.005934800996,119.84,112.784,110.898,84.6890563512,75.60936468904,10700,10640,10980,12040,12740,2.9,2.9,2.9,2.9,2.9,3103,3085.6,3184.2,3491.6,3694.6,"2017","2017","2017","2017","2017",10139.9999995906,12050.0000000155,844.99999996588,1004.16666666796
"61","MEX","Mexico","Latin America & Caribbean","Americas",8.10930698045,8.408993747908,0.106842105263158,0.0678947368421053,0.073,0.0530020064081699,0.053503671778842,0.0203,0.0129,0.0146,0.01130217001,0.01099214869,206.451,121.26,130.378,103.7539206918,103.6559621467,10170,9400,8930,9180,9430,1.9,1.9,2,2,2,1932.3,1786,1786,1836,1886,"2016","2016","2018","2018","2018",8609.99999816849,9180.00000006332,717.499999847375,765.000000005276
"62","MNG","Mongolia","East Asia & Pacific","Asia",6.41573994867,6.300123286884,NA,NA,NA,0.064269871762284,0.0606072466270707,NA,NA,NA,0.02340087519,0.021117731688,NA,NA,NA,84.9451769397,79.82502578064,NA,NA,NA,3630,3780,NA,NA,NA,3.3,3.3,NA,NA,NA,1197.9,1247.4,NA,NA,NA,"2018","2018",3290.00000038204,3579.99999997954,274.166666698503,298.333333331629
"63","MAR","Morocco","Middle East & North Africa","Africa",5.27795338702,5.190857499948,0.0759259259259259,0.0777777777777778,0.0818518518518519,0.0759144679902193,0.072321246951557,0.0205,0.021,0.0221,0.02214525897,0.020158669903,61.91,60.48,63.648,68.4288502173,64.30615699057,3020,2880,2880,3090,3190,2.7,2.7,2.7,2.7,2.7,815.4,777.6,777.6,834.3,861.3,"2013","2013","2013","2013","2013",2859.99999955024,3089.99999995565,238.333333295854,257.499999996304
"64","MOZ","Mozambique","Sub-Saharan Africa","Africa",2.52220640071,2.50101852374,0.74625,0.428125,0.589375,0.411229304463587,0.390784144334375,0.1194,0.0685,0.0943,0.07206304002,0.068209596102,76.416,36.305,44.321,33.1489984092,32.74060612896,640,530,470,460,480,1.6,1.6,1.6,1.6,1.6,102.4,84.8,75.2,73.6,76.8,"2014","2014","2014","2014","2014",420.000000001665,440,35.0000000001388,36.6666666666667
"65","MMR","Myanmar (Burma)","East Asia & Pacific","Asia",0.65851004818,0.65555562141,0.196666666666667,NA,0.0386842105263158,0.015178871644564,0.0148933499752367,0.059,NA,0.0147,0.00664043746,0.006005089662,74.34,NA,18.963,9.0973993202,8.34707463018,1260,1280,1290,1370,1390,3,3.8,3.8,3.8,3.8,378,486.4,490.2,520.6,528.2,"2015","2017","2017","2017","2017",1190.00000011445,1309.99999995004,99.1666666762042,109.166666662504
"66","NAM","Namibia","Sub-Saharan Africa","Africa",11.02101825449,8.566428720927,0.269,0.349,0.466,0.269902487865061,0.203156412354,0.0269,0.0349,0.0466,0.0287504824,0.019580408505,142.301,164.03,214.826,140.87736376,99.0768670353,5290,4700,4610,4900,5060,1,1,1,1,1,529,470,461,490,506,"2015","2015","2015","2015","2015",4600.00000048278,5249.99999999356,383.333333373565,437.499999999464
"67","NPL","Nepal","South Asia","Asia",4.85403699206,5.075679695857,0.261142857142857,0.131428571428571,0.126,0.171571263342327,0.159654407209132,0.0914,0.046,0.0441,0.07373220747,0.063445996198,71.292,35.42,37.926,71.5202412459,69.15613585582,780,770,860,970,1090,3.5,3.5,3.5,3.5,3.5,273,269.5,301,339.5,381.5,"2010","2010","2010","2010","2010",790.000000046384,960.000000003215,65.8333333371987,80.0000000002679
"68","NIC","Nicaragua","Latin America & Caribbean","Americas",9.19675347882,9.118566667971,0.4725,0.406,0.4535,0.273170895410495,0.286447120459822,0.0945,0.0812,0.0907,0.05181269566,0.053902857151,180.495,162.4,188.656,104.6616452332,102.95445715841,1910,2000,2080,2020,1910,2,2,2,2,2,382,400,416,404,382,"2014","2014","2014","2014","2014",2129.99999980777,2029.99999998371,177.499999983981,169.166666665309
"69","NER","Niger","Sub-Saharan Africa","Africa",3.48029495773,3.425293333207,NA,NA,NA,0.241687149842361,0.229372321420112,NA,NA,NA,0.11600983192,0.108167157891,NA,NA,NA,62.6453092368,60.57360841896,NA,NA,NA,540,560,NA,NA,NA,3.2,3.2,NA,NA,NA,172.8,179.2,NA,NA,NA,"2014","2014",360.000000013447,379.999999999113,30.0000000011206,31.6666666665927
"70","NGA","Nigeria","Sub-Saharan Africa","Africa",2.74042845349,2.776454999806,0.327,0.0785,0.0795,0.0834648259946193,0.0820627093538719,0.0654,0.0157,0.0159,0.01581016415,0.01699870408,188.352,38.779,33.39,31.1460233755,34.5073692824,2880,2470,2100,1970,2030,2,2,2,2,2,576,494,420,394,406,"2009","2009","2009","2009","2009",2080.00000062491,1960.0000000513,173.33333338541,163.333333337608
"71","PAK","Pakistan","South Asia","Asia",1.29908229404,1.429926866949,0.0530769230769231,0.0312820512820513,0.0287179487179487,0.0251394735179487,0.0287566991844947,0.0207,0.0122,0.0112,0.0098664478,0.010860204053,28.152,17.324,16.8,15.687652002,16.61611220109,1360,1420,1500,1590,1530,3.9,3.9,3.9,3.9,3.9,530.4,553.8,585,620.1,596.7,"2015","2015","2015","2015","2015",1580.00000045406,1579.99999996759,131.666666704505,131.666666663966
"72","PNG","Papua New Guinea","East Asia & Pacific","Oceania",22.62530494391,19.8431629453,NA,NA,NA,0.556018143204833,0.450810214584627,NA,NA,NA,0.11265712005,0.094117768911,NA,NA,NA,289.5287985285,261.64739757258,NA,NA,NA,2570,2780,NA,NA,NA,1.9,1.9,NA,NA,NA,488.3,528.2,NA,NA,NA,"2009","2009",2410.00000005699,2529.99999998693,200.833333338082,210.833333332244
"73","PRY","Paraguay","Latin America & Caribbean","Americas",12.81503695774,7.186420000349,NA,NA,NA,0.160959224924513,0.0920647379141539,NA,NA,NA,0.03922970497,0.015182577466,NA,NA,NA,220.4709419314,83.65600183766,NA,NA,NA,5620,5510,NA,NA,NA,1.7,1.7,NA,NA,NA,955.4,936.7,NA,NA,NA,"2018","2018",3920.00000026714,5679.99999982269,326.666666688929,473.333333318558
"74","PER","Peru","Latin America & Caribbean","Americas",8.92264782608,9.035420000224,0.2375,0.225,0.108823529411765,0.0919386689961875,0.089371117707458,0.038,0.036,0.0185,0.0179349705,0.016604140889,240.92,219.96,112.11,116.039259135,111.91190959186,6340,6110,6060,6470,6740,1.6,1.6,1.7,1.8,1.8,1014.4,977.6,1030.2,1164.6,1213.2,"2015","2016","2017","2018","2018",5970.00000155896,6529.99999985052,497.500000129914,544.16666665421
"75","PHL","Philippines","East Asia & Pacific","Asia",5.62376512439,4.329943749768,0.165217391304348,0.0878260869565217,0.0847826086956522,0.0790872864088597,0.058677950307415,0.038,0.0202,0.0195,0.01843857418,0.013566403394,128.44,69.69,68.835,68.4071102078,52.2306530669,3380,3450,3530,3710,3850,2.3,2.3,2.3,2.3,2.3,777.4,793.5,811.9,853.3,885.5,"2015","2015","2015","2015","2015",3659.99999966809,3829.99999986702,304.999999972341,319.166666655585
"76","RWA","Rwanda","Sub-Saharan Africa","Africa",2.79615049297,2.205361111059,0.84,0.350833333333333,0.16125,0.179240416216026,0.134473238479207,0.2016,0.0842,0.0387,0.04660250822,0.033928632478,151.2,63.15,28.638,36.3499564116,27.82147863196,750,750,740,780,820,2.4,2.4,2.4,2.4,2.4,180,180,177.6,187.2,196.8,"2016","2016","2016","2016","2016",719.999999940776,779.99999999611,59.9999999950646,64.9999999996758
"77","SEN","Senegal","Sub-Saharan Africa","Africa",3.48029495773,3.425293333207,0.443478260869565,0.168260869565217,0.227391304347826,0.129700433207329,0.123248935527688,0.102,0.0387,0.0523,0.04396162052,0.029151432623,134.64,49.149,66.944,61.546268728,42.26957730335,1320,1270,1280,1400,1450,2.3,2.3,2.3,2.3,2.3,303.6,292.1,294.4,322,333.5,"2011","2011","2011","2011","2011",949.999999971793,1410.00000000185,79.1666666643161,117.500000000154
"78","SLE","Sierra Leone","Sub-Saharan Africa","Africa",10.99109470033,4.107576309972,1.52617647058824,NA,0.611764705882353,0.791675488619208,0.289946563056847,0.5189,NA,0.208,0.25861399295,0.098581831439,285.395,NA,108.16,126.7208565455,49.2909157195,550,490,520,490,500,3.4,3.4,3.4,3.4,3.4,187,166.6,176.8,166.6,170,"2018","2018","2018","2018","2018",509.999999997912,500.000000001664,42.499999999826,41.6666666668053
"79","SLB","Solomon Islands","East Asia & Pacific","Oceania",22.59242521619,9.6908285714,NA,NA,NA,0.47933009652454,0.202595719262718,NA,NA,NA,0.1412026576,0.058144971428,NA,NA,NA,285.229368352,119.1971914274,NA,NA,NA,2020,2050,NA,NA,NA,2.8,2.8,NA,NA,NA,565.6,574,NA,NA,NA,"2013","2013",1920.00000001615,2000.00000001376,160.000000001346,166.666666667813
"80","SOM","Somalia","Sub-Saharan Africa","Africa",15,4,NA,NA,NA,NA,NA,NA,NA,NA,NA,NA,NA,NA,NA,NA,NA,NA,NA,NA,NA,NA,NA,NA,NA,NA,NA,NA,NA,NA,NA,NA,NA,NA,NA,NA,NA,NA,NA,NA,NA
"81","ZAF","South Africa","Sub-Saharan Africa","Africa",10.41206706471,10.366291735752,0.275555555555556,0.261111111111111,0.277777777777778,0.24143923628313,0.228836462157881,0.0248,0.0235,0.025,0.02301009296,0.02174746518,150.04,128.545,135.25,132.30803452,131.3546896872,6050,5470,5410,5750,6040,0.9,0.9,0.9,0.9,0.9,544.5,492.3,486.9,517.5,543.6,"2014","2014","2014","2014","2014",5430.00000016167,5719.99999997351,452.500000013472,476.66666666446
"82","SSD","South Sudan","Sub-Saharan Africa","Africa",5.5281316866,5.35952987465,NA,NA,NA,NA,NA,NA,NA,NA,NA,NA,NA,NA,NA,NA,NA,NA,NA,NA,NA,NA,NA,NA,NA,NA,NA,NA,NA,NA,NA,NA,NA,NA,NA,NA,NA,NA,NA,NA,NA
"83","LKA","Sri Lanka","South Asia","Asia",0.77467428878,0.784825779818,0.016551724137931,0.0148275862068966,0.0137931034482759,0.00793452668603619,0.00807849490291302,0.0048,0.0043,0.004,0.00242085715,0.002319682108,18.048,16.383,15.48,9.780262886,9.32512207416,3760,3810,3870,4040,4020,2.9,2.9,2.9,2.9,2.9,1090.4,1104.9,1122.3,1171.6,1165.8,"2016","2016","2016","2016","2016",3840.0000038664,4059.99999971375,320.0000003222,338.333333309479
"84","SDN","Sudan","Sub-Saharan Africa","Africa",1.20149317193,0.978240672691,0.0309375,0.08125,0.1378125,0.0536380880325893,0.0621763139422246,0.0099,0.026,0.0441,0.00605794877,0.007524928251,16.731,40.82,58.212,5.0886769668,4.43970766809,1690,1570,1320,840,590,3.2,3.2,3.2,3.2,3.2,540.8,502.4,422.4,268.8,188.8,"2014","2014","2014","2014","2014",2379.99999844172,1560.00000009728,198.333333203476,130.000000008106
"85","SUR","Suriname","Latin America & Caribbean","Americas",20.23454293079,11.933493800754,NA,NA,NA,NA,NA,NA,NA,NA,0.04033463707,0.028697780683,NA,NA,NA,210.1434591347,158.98570498382,NA,NA,NA,5210,5540,NA,NA,NA,NA,NA,NA,NA,NA,NA,NA,NA,NA,NA,NA,NA,6020.00000020032,4990.0000000306,501.66666668336,415.833333335883
"86","TJK","Tajikistan","Europe & Central Asia","Asia",3.68339408457,3.71059305542,NA,NA,NA,0.1473357633828,0.144100701181359,NA,NA,NA,0.04464720103,0.044086254124,NA,NA,NA,44.64720103,45.40884174772,NA,NA,NA,1000,1030,NA,NA,NA,3,3,NA,NA,NA,300,309,NA,NA,NA,"2015","2015",989.999999891147,1009.99999999546,82.4999999909289,84.1666666662886
"87","TZA","Tanzania","Sub-Saharan Africa","Africa",4.36781236471,4.341401667556,0.301379310344828,0.21551724137931,0.201034482758621,0.177193199379716,0.166337228641992,0.0874,0.0625,0.0583,0.05759752569,0.051075313736,85.652,60.625,56.551,58.7494762038,55.16133883488,980,970,970,1020,1080,2.9,2.9,2.9,2.9,2.9,284.2,281.3,281.3,295.8,313.2,"2017","2017","2017","2017","2017",909.999999976041,1019.99999999906,75.8333333313367,84.9999999999217
"88","THA","Thailand","East Asia & Pacific","Asia",6.05986706688,6.300924838412,0.0709375,0.0383870967741935,0.0436666666666667,0.036726467072,0.0347158393300937,0.0227,0.0119,0.0131,0.01220107463,0.011438895319,129.617,67.83,78.076,80.527092558,83.04638001594,5710,5700,5960,6600,7260,3.2,3.1,3,3,3,1827.2,1767,1788,1980,2178,"2015","2016","2017","2018","2018",5960.00000063601,6610.00000020579,496.666666719667,550.833333350482
"89","TLS","Timor-Leste","East Asia & Pacific","Asia",5.28571428571,7.5,NA,NA,NA,0.0876085240725414,0.119047619047619,NA,NA,NA,0.03543495611,0.049450549451,NA,NA,NA,64.1372705591,93.46153846239,NA,NA,NA,1810,1890,NA,NA,NA,4,4,NA,NA,NA,724,756,NA,NA,NA,"2014","2014",1789.99999976351,1819.99999998342,149.166666646959,151.666666665285
"90","TGO","Togo","Sub-Saharan Africa","Africa",7.8306636549,7.193115999734,NA,NA,NA,0.749345804296651,0.658408787161007,NA,NA,NA,0.15404584239,0.132795987687,NA,NA,NA,101.6702559774,91.62923150403,NA,NA,NA,660,690,NA,NA,NA,1.9,1.9,NA,NA,NA,125.4,131.1,NA,NA,NA,"2015","2015",610.000000005842,650.000000001943,50.8333333338202,54.1666666668286
"91","TTO","Trinidad & Tobago","Latin America & Caribbean","Americas",29.22872903176,49.345553875482,NA,NA,NA,NA,NA,NA,NA,NA,0.02284982074,0.036462231928,NA,NA,NA,366.0541282548,615.84709726392,NA,NA,NA,16020,16890,NA,NA,NA,NA,NA,NA,NA,NA,NA,NA,NA,NA,NA,NA,NA,15350.0000009681,16239.9999998646,1279.16666674734,1353.33333332205
"92","TUN","Tunisia","Middle East & North Africa","Africa",3.61161420419,3.52193450006,0.04875,0.0440625,0.0428125,0.0386958664734643,0.0393073046881696,0.0156,0.0141,0.0137,0.01238267727,0.012075204,61.776,52.875,48.224,43.339370445,40.57268544,3960,3750,3520,3500,3360,3.2,3.2,3.2,3.2,3.2,1267.2,1200,1126.4,1120,1075.2,"2015","2015","2015","2015","2015",3500.0000004264,3500.00000005963,291.6666667022,291.666666671635
"93","TUR","Turkey","Europe & Central Asia","Asia",4.55396555933,4.255009722456,0.0561904761904762,0.0559090909090909,0.0259090909090909,0.0238385913069098,0.0241510342774913,0.0118,0.0123,0.0057,0.00499977921,0.004919086384,141.128,137.514,62.13,52.0976993682,47.27242015024,11960,11180,10900,10420,9610,2.1,2.2,2.2,2.2,2.2,2511.6,2459.6,2398,2292.4,2114.2,"2015","2016","2017","2018","2018",10929.9999893315,10380.0000007221,910.833332444294,865.000000060174
"94","UGA","Uganda","Sub-Saharan Africa","Africa",4.03744841198,4.004791667017,1.1084,0.6132,0.648,0.25839669836672,0.246448717970277,0.2771,0.1533,0.162,0.08074896824,0.077512096781,229.993,121.107,119.88,60.56172618,60.45943548918,830,790,740,750,780,2.5,2.5,2.5,2.5,2.5,207.5,197.5,185,187.5,195,"2016","2016","2016","2016","2016",599.999999997028,619.999999999794,49.9999999997523,51.6666666666495
"95","UKR","Ukraine","Europe & Central Asia","Europe",2.69881252249,2.828671249761,NA,NA,NA,0.0275389032907143,0.0239819520963205,NA,NA,NA,0.01355052313,0.012760922931,NA,NA,NA,37.941464764,43.00431027747,NA,NA,NA,2800,3370,NA,NA,NA,4.2,4.2,NA,NA,NA,1176,1415.4,NA,NA,NA,"2018","2018",2389.99999920151,2660.00000005266,199.166666600126,221.666666671055
"96","UZB","Uzbekistan","Europe & Central Asia","Asia",3.02458227338,2.939522466642,NA,NA,NA,0.0619579844325026,0.0675752291182069,NA,NA,NA,0.01833080166,0.017462509703,NA,NA,NA,37.0282193532,31.4325174654,NA,NA,NA,2020,1800,NA,NA,NA,2.9,2.9,NA,NA,NA,585.8,522,NA,NA,NA,"2003","2003",1979.99999965959,2019.99999997961,164.999999971632,168.333333331634
"97","VEN","Venezuela","Latin America & Caribbean","Americas",NA,NA,NA,NA,NA,NA,NA,0.0351,NA,NA,NA,NA,NA,NA,NA,NA,NA,NA,NA,NA,NA,NA,NA,NA,NA,NA,NA,NA,NA,NA,NA,NA,NA,NA,NA,NA,NA,NA,NA,NA,NA
"98","VNM","Vietnam","East Asia & Pacific","Asia",2.14875693608,2.147389166586,0.105,0.04,0.0352,0.043703530903322,0.0405805826756409,0.0273,0.0104,0.0088,0.01188252684,0.010736945833,53.781,21.632,18.656,28.0427633424,27.27184241582,1970,2080,2120,2360,2540,2.6,2.6,2.5,2.5,2.5,512.2,540.8,530,590,635,"2016","2016","2018","2018","2018",2169.99999917189,2399.99999998435,180.833333264324,199.999999998696
"99","YEM","Yemen","Middle East & North Africa","Asia",NA,NA,0.416,0.446333333333333,NA,NA,NA,0.1248,0.1339,NA,NA,NA,143.52,143.273,NA,NA,NA,1150,1070,970,NA,NA,3,3,3,NA,NA,345,321,291,NA,NA,"2014","2014","2014",NA,NA,NA,NA,NA,NA
"100","ZMB","Zambia","Sub-Saharan Africa","Africa",4.20256163513,3.896486667725,1.494,1.225,1.225,0.345416024805206,0.322467862156552,0.1494,0.1225,0.1225,0.03879287663,0.032697790219,236.052,167.825,159.25,56.6375998798,47.41179581755,1580,1370,1300,1460,1450,1,1,1,1,1,158,137,130,146,145,"2015","2015","2015","2015","2015",1300.00000006599,1429.99999998563,108.333333338833,119.166666665469
"101","ZWE","Zimbabwe","Sub-Saharan Africa","Africa",15,15,NA,1.7872,1.3188,0.470588235294118,0.517985611510791,NA,0.4468,0.3297,0.1978021978,0.100558659218,NA,576.372,448.392,302.637362634,139.77653631302,1280,1290,1360,1530,1390,2.5,2.5,2.5,2.5,2.5,320,322.5,340,382.5,347.5,"2017","2017","2017","2017","2017",910.000000010111,1789.99999999781,75.8333333341759,149.166666666484
