iso3c,Country,Region,year,Cost_1_GB_USD_month,A4AI_Income_month,A4AI_Income,Afford,GNI_WB_capita,share_bottom_10,surveyyear,Decile_1_current,Continent,Price_data_year,Afford_decile_1
AFG,Afghanistan,South Asia,2019,1.912924166597,45.83333333356095,550.0000000027314,0.041736527271,540,NA,NA,NA,Asia,22.537724726340002,NA
AFG,Afghanistan,South Asia,2018,1.98221537547,47.49999999988018,569.9999999985622,0.04173085001,550,NA,NA,NA,Asia,22.9519675055,NA
DZA,Algeria,Middle East & North Africa,2019,6.702796443123,338.3333333360086,4060.0000000321033,0.019811221014,3970,4,2011,1588,Africa,78.65054742558,0.050650854733926956
DZA,Algeria,Middle East & North Africa,2018,6.72549663081,330.0000000103041,3960.0000001236494,0.02038029282,3960,4,2011,1584,Africa,80.7059595672,0.05095073205159092
AGO,Angola,Sub-Saharan Africa,2019,6.098903279142,280.83333333050916,3369.99999996611,0.021717163012,3050,1.3,2018,396.5,Africa,66.2373471866,0.1845821925591526
AGO,Angola,Sub-Saharan Africa,2018,13.03883203861,277.5000000065976,3330.000000079171,0.04698678212,3210,1.3,2018,417.3,Africa,150.8275706052,0.3749484410815241
ARG,Argentina,Latin America & Caribbean,2019,6.83922833408,1030.8333333633525,12370.000000360229,0.006634659661,11200,1.8,2018,2016,Americas,74.3081882032,0.04070969246476191
ARG,Argentina,Latin America & Caribbean,2018,12.14864362107,1086.666667018792,13040.000004225503,0.01117973339,12390,1.8,2018,2230.2,Americas,138.5168967021,0.06536800441791768
ARG,Argentina,Latin America & Caribbean,2017,NA,NA,NA,0.0078,13120,1.8,2017,2361.6,Americas,102.336,0.043333333333333335
ARG,Argentina,Latin America & Caribbean,2016,NA,NA,NA,0.0158,12220,1.8,2016,2199.6,Americas,193.07600000000002,0.08777777777777779
ARG,Argentina,Latin America & Caribbean,2015,NA,NA,NA,0.0151,12570,1.8,2016,2262.6,Americas,189.80700000000002,0.0838888888888889
BGD,Bangladesh,South Asia,2019,2.240486849893,145.833333335861,1750.000000030332,0.015363338399,1940,3.7,2016,717.8,Asia,29.80487649406,0.037455896069540265
BGD,Bangladesh,South Asia,2018,2.87710368016,122.50000002277899,1470.000000273348,0.02348656065,1750,3.7,2016,647.5,Asia,41.101481137499995,0.05332084040450965
BGD,Bangladesh,South Asia,2017,NA,NA,NA,0.0224,1520,3.7,2016,562.4,Asia,34.048,0.06054054054054055
BGD,Bangladesh,South Asia,2016,NA,NA,NA,0.0266,1370,3.7,2016,506.9,Asia,36.442,0.0718918918918919
BGD,Bangladesh,South Asia,2015,NA,NA,NA,0.0363,1220,3.7,2016,451.4,Asia,44.286,0.09810810810810812
BLZ,Belize,Latin America & Caribbean,2019,17.375621668591,393.33333333267683,4719.999999992122,0.044175309327,4450,NA,NA,NA,Americas,196.58012650515,NA
BLZ,Belize,Latin America & Caribbean,2018,17.11146201016,365.8333333020125,4389.9999996241495,0.04677392805,4450,NA,NA,NA,Americas,208.14397982249997,NA
BEN,Benin,Sub-Saharan Africa,2019,4.281616666508,72.50000000000847,870.0000000001016,0.059056781607,1250,1,2015,125,Africa,73.82097700875,0.41103519998476806
BEN,Benin,Sub-Saharan Africa,2018,5.2204424366,66.66666666581531,799.9999999897838,0.07830663655,1200,1,2015,120,Africa,93.96796386,0.52204424366
BEN,Benin,Sub-Saharan Africa,2017,NA,NA,NA,0.108,1090,1,2015,109,Africa,117.72,1.08
BEN,Benin,Sub-Saharan Africa,2016,NA,NA,NA,0.165,1110,1,2015,111,Africa,183.15,1.6500000000000001
BEN,Benin,Sub-Saharan Africa,2015,NA,NA,NA,0.166,1180,1,2015,118,Africa,195.88000000000002,1.6600000000000001
BOL,Bolivia,Latin America & Caribbean,2019,5.790808888617,280.8333333339153,3370.000000006983,0.020620090998,3530,1.5,2018,529.5,Americas,72.78892122294,0.1312364620649745
BOL,Bolivia,Latin America & Caribbean,2018,5.68353008691,260.83333329746046,3129.9999995695252,0.02178989171,3370,1.5,2018,505.5,Americas,73.43193506269999,0.1349205955349555
BOL,Bolivia,Latin America & Caribbean,2017,NA,NA,NA,0.0273,3090,1.2,2017,370.8,Americas,84.357,0.22749999999999998
BOL,Bolivia,Latin America & Caribbean,2016,NA,NA,NA,0.029,3040,1.1,2016,334.4,Americas,88.16000000000001,0.26363636363636367
BOL,Bolivia,Latin America & Caribbean,2015,NA,NA,NA,0.0289,2960,1.1,2015,325.6,Americas,85.544,0.2627272727272727
BWA,Botswana,Sub-Saharan Africa,2019,8.85114630907,645.833333315639,7749.9999997876685,0.013705000737,7660,1.5,2015,1149,Africa,104.98030564541999,0.09244017032971279
BWA,Botswana,Sub-Saharan Africa,2018,8.84477743693,568.3333332163868,6819.9999985966415,0.01556265825,7410,1.5,2015,1111.5,Africa,115.3192976325,0.0954901747576788
BWA,Botswana,Sub-Saharan Africa,2017,NA,NA,NA,0.0219,6730,1.5,2015,1009.5,Africa,147.387,0.146
BWA,Botswana,Sub-Saharan Africa,2016,NA,NA,NA,0.0511,6570,1.5,2015,985.5,Africa,335.727,0.3406666666666666
BWA,Botswana,Sub-Saharan Africa,2015,NA,NA,NA,0.0574,6840,1.5,2015,1026,Africa,392.616,0.38266666666666665
BRA,Brazil,Latin America & Caribbean,2019,9.826132073658,761.6666666670284,9140.00000000434,0.012900829856,9130,1,2018,913,Americas,117.78457658528,0.12914960009189047
BRA,Brazil,Latin America & Caribbean,2018,5.24530899061,715.0000000354412,8580.000000425294,0.00733609649,9080,1,2018,908,Americas,66.6117561292,0.06932126419308371
BRA,Brazil,Latin America & Caribbean,2017,NA,NA,NA,0.017,8700,1,2017,870,Americas,147.9,0.17
BRA,Brazil,Latin America & Caribbean,2016,NA,NA,NA,0.014,8920,1.1,2016,981.2,Americas,124.88000000000001,0.1272727272727273
BRA,Brazil,Latin America & Caribbean,2015,NA,NA,NA,0.0197,10190,1.2,2015,1222.8,Americas,200.743,0.16416666666666666
BFA,Burkina Faso,Sub-Saharan Africa,2019,4.281666666447,55.00000000034683,660.000000004162,0.077848484844,790,3.6,2014,284.4,Africa,61.50030302676,0.18066104077835446
BFA,Burkina Faso,Sub-Saharan Africa,2018,7.52234909455,50.83333333181287,609.9999999817544,0.14798063793,760,3.6,2014,273.59999999999997,Africa,112.46528482679999,0.3299275918662281
BFA,Burkina Faso,Sub-Saharan Africa,2017,NA,NA,NA,0.1416,680,3.6,2014,244.79999999999998,Africa,96.288,0.39333333333333337
BFA,Burkina Faso,Sub-Saharan Africa,2016,NA,NA,NA,0.151,660,3.6,2014,237.6,Africa,99.66,0.41944444444444445
BFA,Burkina Faso,Sub-Saharan Africa,2015,NA,NA,NA,0.1545,700,3.6,2014,252,Africa,108.15,0.4291666666666667
BDI,Burundi,Sub-Saharan Africa,2019,3.172826319105,23.333333333296565,279.9999999995588,0.135978270819,280,2.8,2013,78.4,Africa,38.07391582932,0.48563668149566325
BDI,Burundi,Sub-Saharan Africa,2018,3.21707887661,24.166666666491388,289.9999999978967,0.13312050524,280,2.8,2013,78.4,Africa,37.2737414672,0.49241003213418366
KHM,Cambodia,East Asia & Pacific,2019,2,114.99999999885,1379.9999999862,0.017391304348,1480,NA,NA,NA,Asia,25.73913043504,NA
KHM,Cambodia,East Asia & Pacific,2018,2,102.50000001025,1230.000000123,0.01951219512,1380,NA,NA,NA,Asia,26.9268292656,NA
KHM,Cambodia,East Asia & Pacific,2017,NA,NA,NA,0.0195,1230,NA,NA,NA,Asia,23.985,NA
KHM,Cambodia,East Asia & Pacific,2016,NA,NA,NA,0.0211,1140,NA,NA,NA,Asia,24.054000000000002,NA
KHM,Cambodia,East Asia & Pacific,2015,NA,NA,NA,0.0336,1060,NA,NA,NA,Asia,35.616,NA
CMR,Cameroon,Sub-Saharan Africa,2019,3.425293333207,120.00000000024524,1440.000000002943,0.02854411111,1500,1.7,2014,255.00000000000003,Africa,42.816166665,0.1611902745038588
CMR,Cameroon,Sub-Saharan Africa,2018,3.48029495773,113.33333333756669,1360.0000000508003,0.03070848492,1440,1.7,2014,244.8,Africa,44.2202182848,0.17060269400637254
CMR,Cameroon,Sub-Saharan Africa,2017,NA,NA,NA,0.0635,1340,1.7,2014,227.8,Africa,85.09,0.3735294117647059
CMR,Cameroon,Sub-Saharan Africa,2016,NA,NA,NA,0.0643,1380,1.7,2014,234.60000000000002,Africa,88.734,0.378235294117647
CMR,Cameroon,Sub-Saharan Africa,2015,NA,NA,NA,0.1227,1440,1.7,2014,244.8,Africa,176.68800000000002,0.721764705882353
CPV,Cape Verde,Sub-Saharan Africa,2019,5.093961110998,287.5000000076476,3450.000000091771,0.017718125603,3630,2.2,2015,798.6,Africa,64.31679593889,0.07654336755819685
CPV,Cape Verde,Sub-Saharan Africa,2018,5.17059859135,249.16666670160382,2990.0000004192457,0.02075156625,3400,2.2,2015,748,Africa,70.55532525,0.08295077954037433
CAF,Central African Republic,Sub-Saharan Africa,2019,9.052560952046,40.00000000002652,480.0000000003182,0.226314023801,520,1.2,2008,62.4,Africa,117.68329237652,1.7408771061626924
CAF,Central African Republic,Sub-Saharan Africa,2018,9.19792238829,32.500000000318,390.000000003816,0.28301299656,490,1.2,2008,58.8,Africa,138.6763683144,1.8771270180183672
TCD,Chad,Sub-Saharan Africa,2019,11.988526666224,55.833333333355846,670.0000000002701,0.214719880589,700,1.8,2011,126,Africa,150.3039164123,1.1417644444022856
TCD,Chad,Sub-Saharan Africa,2018,12.18103235206,52.499999999719854,629.9999999966383,0.23201966385,680,1.8,2011,122.39999999999999,Africa,157.773371418,1.1942188580450983
CHN,China,East Asia & Pacific,2019,5.571084999789,789.1666666930852,9470.000000317023,0.007059453009,10410,2.7,2016,2810.7000000000003,Asia,73.48890582369,0.023785185184284338
CHN,China,East Asia & Pacific,2018,9.82855161289,724.1666667119798,8690.000000543758,0.01357222317,9620,2.7,2016,2597.4,Asia,130.5647868954,0.045407953859505655
CHN,China,East Asia & Pacific,2017,NA,NA,NA,0.0268,8740,2.7,2016,2359.8,Asia,234.232,0.09925925925925926
CHN,China,East Asia & Pacific,2016,NA,NA,NA,0.0289,8270,2.7,2016,2232.9,Asia,239.003,0.10703703703703703
CHN,China,East Asia & Pacific,2015,NA,NA,NA,NA,7940,2.6,2015,2064.4,Asia,NA,NA
COL,Colombia,Latin America & Caribbean,2019,9.263243334473,515.833333339997,6190.000000079965,0.017957822296,6510,1.4,2018,911.4000000000001,Americas,116.90542314696,0.12196502086205396
COL,Colombia,Latin America & Caribbean,2018,12.51828720878,485.83333339271246,5830.000000712549,0.0257666289,6260,1.4,2018,876.4000000000001,Americas,161.29909691400002,0.17140511924390686
COL,Colombia,Latin America & Caribbean,2017,NA,NA,NA,0.0291,5930,1.4,2017,830.2,Americas,172.56300000000002,0.20785714285714288
COL,Colombia,Latin America & Caribbean,2016,NA,NA,NA,0.0202,6460,1.3,2016,839.8000000000001,Americas,130.492,0.15538461538461537
COL,Colombia,Latin America & Caribbean,2015,NA,NA,NA,0.0179,7330,1.3,2015,952.9,Americas,131.207,0.1376923076923077
COM,Comoros,Sub-Saharan Africa,2019,5.990263125092,109.99999999966947,1319.9999999960337,0.054456937501,1420,1.6,2014,227.20000000000002,Africa,77.32885125142,0.316387136888662
COM,Comoros,Sub-Saharan Africa,2018,6.07847719673,63.333333331909365,759.9999999829124,0.09597595574,1380,1.6,2014,220.8,Africa,132.4468189212,0.330352021561413
COG,Congo - Brazzaville,Sub-Saharan Africa,2019,8.734497999677,136.66666666719343,1640.000000006321,0.063910960973,1750,1.6,2011,280,Africa,111.84418170275,0.37433562855758573
COG,Congo - Brazzaville,Sub-Saharan Africa,2018,8.87475214222,113.33333333188602,1359.9999999826323,0.07830663655,1680,1.6,2011,268.8,Africa,131.555149404,0.39619429206339285
COD,Congo - Kinshasa,Sub-Saharan Africa,2019,10.714285714286,40.83333333332444,489.99999999989325,0.262390670554,520,2.1,2012,109.2,Africa,136.44314868808002,1.177394034536923
COD,Congo - Kinshasa,Sub-Saharan Africa,2018,12.57142857143,37.49999999979119,449.99999999749434,0.33523809524,500,2.1,2012,105,Africa,167.61904761999998,1.4367346938777144
COD,Congo - Kinshasa,Sub-Saharan Africa,2017,NA,NA,NA,NA,460,2.1,2012,96.6,Africa,NA,NA
COD,Congo - Kinshasa,Sub-Saharan Africa,2016,NA,NA,NA,NA,470,2.1,2012,98.7,Africa,NA,NA
COD,Congo - Kinshasa,Sub-Saharan Africa,2015,NA,NA,NA,NA,460,2.1,2012,96.6,Africa,NA,NA
CRI,Costa Rica,Latin America & Caribbean,2019,6.751797777985,959.1666666431082,11509.999999717298,0.007039233131,11700,1.5,2018,1755,Americas,82.35902763269999,0.046166138652888884
CRI,Costa Rica,Latin America & Caribbean,2018,6.57673250707,920.0000000377695,11040.000000453234,0.00714862229,11590,1.5,2018,1738.5,Americas,82.8525323411,0.04539591031627265
CRI,Costa Rica,Latin America & Caribbean,2017,NA,NA,NA,0.0123,11150,1.6,2017,1784,Americas,137.145,0.076875
CRI,Costa Rica,Latin America & Caribbean,2016,NA,NA,NA,0.0185,10770,1.5,2016,1615.5,Americas,199.24499999999998,0.12333333333333332
CRI,Costa Rica,Latin America & Caribbean,2015,NA,NA,NA,0.0202,10400,1.5,2015,1560,Americas,210.07999999999998,0.13466666666666666
CIV,Côte d’Ivoire,Sub-Saharan Africa,2019,6.850666666315,134.16666666560585,1609.9999999872703,0.051060869563,2290,2.1,2015,480.9,Africa,116.92939129927001,0.1709461426404242
CIV,Côte d’Ivoire,Sub-Saharan Africa,2018,7.02085915492,128.33333334497087,1540.0000001396504,0.05470799341,2180,2.1,2015,457.8,Africa,119.26342563380001,0.18403300537142858
CIV,Côte d’Ivoire,Sub-Saharan Africa,2017,NA,NA,NA,0.0701,2030,2.1,2015,426.3,Africa,142.303,0.3338095238095238
CIV,Côte d’Ivoire,Sub-Saharan Africa,2016,NA,NA,NA,0.0636,1840,2.1,2015,386.4,Africa,117.024,0.3028571428571429
CIV,Côte d’Ivoire,Sub-Saharan Africa,2015,NA,NA,NA,0.0723,1660,2.1,2015,348.59999999999997,Africa,120.018,0.3442857142857143
CUB,Cuba,Latin America & Caribbean,2019,10.007798888526,NA,NA,NA,NA,NA,NA,NA,Americas,NA,NA
CUB,Cuba,Latin America & Caribbean,2018,9.81030249715,NA,NA,NA,NA,NA,NA,NA,Americas,NA,NA
DOM,Dominican Republic,Latin America & Caribbean,2019,7.898031110882,614.1666666655261,7369.999999986314,0.012859752148,8090,2.3,2018,1860.7,Americas,104.03539487732,0.05093587001159993
DOM,Dominican Republic,Latin America & Caribbean,2018,7.90517543644,552.4999999888174,6629.9999998658095,0.01430800984,7760,2.3,2018,1784.8000000000002,Americas,111.0301563584,0.05314999172864186
DOM,Dominican Republic,Latin America & Caribbean,2017,NA,NA,NA,0.0149,7090,2.3,2017,1630.7,Americas,105.641,0.06478260869565218
DOM,Dominican Republic,Latin America & Caribbean,2016,NA,NA,NA,0.0163,6860,1.8,2016,1234.8,Americas,111.81799999999998,0.09055555555555554
DOM,Dominican Republic,Latin America & Caribbean,2015,NA,NA,NA,0.0397,6580,1.9,2015,1250.2,Americas,261.226,0.20894736842105263
ECU,Ecuador,Latin America & Caribbean,2019,10,510.00000000663,6120.00000007956,0.019607843137,6080,1.6,2018,972.8000000000001,Americas,119.21568627296001,0.12335526315789473
ECU,Ecuador,Latin America & Caribbean,2018,10,490.83333336319237,5890.000000358308,0.02037351443,6090,1.6,2018,974.4,Americas,124.0747028787,0.12315270935960591
ECU,Ecuador,Latin America & Caribbean,2017,NA,NA,NA,0.0611,5860,1.6,2017,937.6,Americas,358.046,0.38187499999999996
ECU,Ecuador,Latin America & Caribbean,2016,NA,NA,NA,0.0412,5810,1.6,2016,929.6,Americas,239.372,0.2575
ECU,Ecuador,Latin America & Caribbean,2015,NA,NA,NA,0.0658,5970,1.6,2015,955.2,Americas,392.82599999999996,0.41124999999999995
EGY,Egypt,Middle East & North Africa,2019,1.176265333394,233.3333333387554,2800.000000065065,0.005041137143,2690,3.8,2017,1022.2,Africa,13.56065891467,0.013808632362285267
EGY,Egypt,Middle East & North Africa,2018,1.11642294605,250.83333326967514,3009.9999992361018,0.0044508556,2800,3.8,2017,1064,Africa,12.46239568,0.012591236233646615
EGY,Egypt,Middle East & North Africa,2017,NA,NA,NA,0.0033,3040,3.8,2017,1155.2,Africa,10.032,0.008684210526315789
EGY,Egypt,Middle East & North Africa,2016,NA,NA,NA,0.0047,3460,3.8,2017,1314.8,Africa,16.262,0.012368421052631579
EGY,Egypt,Middle East & North Africa,2015,NA,NA,NA,0.0119,3360,3.9,2015,1310.4,Africa,39.984,0.03051282051282051
SLV,El Salvador,Latin America & Caribbean,2019,10,318.33333333784304,3820.0000000541168,0.031413612565,4000,2.4,2018,960,Americas,125.65445025999999,0.125
SLV,El Salvador,Latin America & Caribbean,2018,15,296.66666668314815,3560.000000197778,0.05056179775,3820,2.4,2018,916.8,Americas,193.146067405,0.19633507853403143
GNQ,Equatorial Guinea,Sub-Saharan Africa,2019,34.252933332067,NA,NA,NA,6460,NA,NA,NA,Africa,NA,NA
GNQ,Equatorial Guinea,Sub-Saharan Africa,2018,34.79713271626,NA,NA,NA,6650,NA,NA,NA,Africa,NA,NA
ETH,Ethiopia,Sub-Saharan Africa,2019,3.477096666245,65.83333333388556,790.0000000066268,0.052816658221,850,2.9,2015,246.49999999999997,Africa,44.89415948785,0.1692704259429615
ETH,Ethiopia,Sub-Saharan Africa,2018,3.55831550652,61.666666665857925,739.9999999902951,0.05770241362,800,2.9,2015,231.99999999999997,Africa,46.161930895999994,0.18405080206137933
ETH,Ethiopia,Sub-Saharan Africa,2017,NA,NA,NA,0.0965,740,2.9,2015,214.6,Africa,71.41,0.33275862068965517
ETH,Ethiopia,Sub-Saharan Africa,2016,NA,NA,NA,0.1353,670,2.9,2015,194.29999999999998,Africa,90.651,0.46655172413793106
ETH,Ethiopia,Sub-Saharan Africa,2015,NA,NA,NA,0.1963,600,2.9,2015,174,Africa,117.78,0.676896551724138
FJI,Fiji,East Asia & Pacific,2019,13.941604926917,488.3333333348045,5860.000000017653,0.028549361625,5860,3.1,2013,1816.6,Oceania,167.2992591225,0.09209471491963228
FJI,Fiji,East Asia & Pacific,2018,12.01021812516,414.16666663683753,4969.99999964205,0.02899851459,5860,3.1,2013,1816.6,Oceania,169.9312954974,0.079336462348299025
GAB,Gabon,Sub-Saharan Africa,2019,6.850586666413,566.6666666567129,6799.999999880554,0.012089270588,7210,2.2,2017,1586.2,Africa,87.16364093948,0.05182640272157105
GAB,Gabon,Sub-Saharan Africa,2018,6.96058991546,550.8333332734537,6609.999999281445,0.01263647186,6830,2.2,2017,1502.6,Africa,86.30710280379999,0.05558836615567683
GMB,Gambia,Sub-Saharan Africa,2019,5.041019891918,58.33333333363806,700.0000000036567,0.086417483861,740,3,2015,222,Africa,63.94893805714,0.2724875617252973
GMB,Gambia,Sub-Saharan Africa,2018,5.07917301529,37.50000000029533,450.00000000354396,0.13544461374,710,3,2015,213,Africa,96.1656757554,0.2861505924107043
GMB,Gambia,Sub-Saharan Africa,2017,NA,NA,NA,0.15310000000000001,650,3,2015,195,Africa,99.51500000000001,0.5103333333333334
GMB,Gambia,Sub-Saharan Africa,2016,NA,NA,NA,0.1785,620,3,2015,186,Africa,110.67,0.595
GMB,Gambia,Sub-Saharan Africa,2015,NA,NA,NA,0.1412,620,3,2015,186,Africa,87.544,0.4706666666666667
GEO,Georgia,Europe & Central Asia,2019,1.821788166439,344.1666666800168,4130.000000160202,0.005293331234,4740,2.4,2018,1137.6,Asia,25.09039004916,0.019217174751466247
GEO,Georgia,Europe & Central Asia,2018,1.85872570866,315.83333346813595,3790.0000016176314,0.00588514736,4460,2.4,2018,1070.3999999999999,Asia,26.247757225599997,0.020837732159865473
GHA,Ghana,Sub-Saharan Africa,2019,3.597685142626,177.49999999869257,2129.9999999843108,0.020268648691,2220,1.6,2016,355.2,Africa,44.996400094020004,0.12154341698060811
GHA,Ghana,Sub-Saharan Africa,2018,4.09513569442,124.16666667712724,1490.0000001255269,0.03298095861,2130,1.6,2016,340.8,Africa,70.2494418393,0.14419491881760563
GHA,Ghana,Sub-Saharan Africa,2017,NA,NA,NA,0.0356,1890,1.6,2016,302.40000000000003,Africa,67.284,0.2225
GHA,Ghana,Sub-Saharan Africa,2016,NA,NA,NA,0.0411,1820,1.6,2016,291.2,Africa,74.80199999999999,0.25687499999999996
GHA,Ghana,Sub-Saharan Africa,2015,NA,NA,NA,0.0389,1940,1.6,2016,310.40000000000003,Africa,75.466,0.24312499999999995
GTM,Guatemala,Latin America & Caribbean,2019,12.910507499268,367.5000000007259,4410.000000008711,0.035130632651,4610,1.7,2014,783.7,Americas,161.95221652111,0.19768545360624729
GTM,Guatemala,Latin America & Caribbean,2018,12.60715109013,338.3333333090909,4059.999999709091,0.03726251554,4390,1.7,2014,746.3000000000001,Americas,163.5824432206,0.20271447552131847
GTM,Guatemala,Latin America & Caribbean,2017,NA,NA,NA,0.0393,4090,1.7,2014,695.3000000000001,Americas,160.737,0.23117647058823526
GTM,Guatemala,Latin America & Caribbean,2016,NA,NA,NA,0.042,3870,1.7,2014,657.9000000000001,Americas,162.54000000000002,0.24705882352941178
GTM,Guatemala,Latin America & Caribbean,2015,NA,NA,NA,NA,3700,1.7,2014,629,Americas,NA,NA
GIN,Guinea,Sub-Saharan Africa,2019,3.64667778232,69.16666666601863,829.9999999922236,0.052723052275,950,3,2012,285,Africa,50.08689966125,0.15354432767663156
GIN,Guinea,Sub-Saharan Africa,2018,4.74853788531,68.33333333491628,820.0000000189953,0.06949079832,850,3,2012,255,Africa,59.067178572,0.22346060636752943
GNB,Guinea-Bissau,Sub-Saharan Africa,2019,12.477854285253,62.50000000001503,750.0000000001803,0.199645668564,820,1.6,2010,131.2,Africa,163.70944822248,1.141267160236555
GNB,Guinea-Bissau,Sub-Saharan Africa,2018,12.67821734603,54.9999999988287,659.9999999859444,0.23051304266,750,1.6,2010,120,Africa,172.884781995,1.267821734603
GUY,Guyana,Latin America & Caribbean,2019,8.138793445205,396.66666665862493,4759.999999903499,0.020517966669,5180,NA,NA,NA,Americas,106.28306734542,NA
GUY,Guyana,Latin America & Caribbean,2018,7.89274407744,371.6666666591323,4459.999999909588,0.02123608272,4770,NA,NA,NA,Americas,101.29611457440001,NA
HTI,Haiti,Latin America & Caribbean,2019,2.034504999993,66.6666666664373,799.9999999972475,0.030517575,790,2.1,2012,165.9,Americas,24.108884250000003,0.14716130198864374
HTI,Haiti,Latin America & Caribbean,2018,2.44747275213,63.333333337559914,760.000000050719,0.03864430661,800,2.1,2012,168,Americas,30.915445287999997,0.174819482295
HTI,Haiti,Latin America & Caribbean,2017,NA,NA,NA,0.0614,760,2.1,2012,159.6,Americas,46.664,0.2923809523809524
HTI,Haiti,Latin America & Caribbean,2016,NA,NA,NA,0.059,780,2.1,2012,163.79999999999998,Americas,46.019999999999996,0.28095238095238095
HTI,Haiti,Latin America & Caribbean,2015,NA,NA,NA,0.0794,820,2.1,2012,172.2,Americas,65.108,0.37809523809523815
HND,Honduras,Latin America & Caribbean,2019,18.760961996957,194.1666666663424,2329.9999999961087,0.096622980242,2390,0.9,2018,215.1,Americas,230.92892277838,1.0466366525499025
HND,Honduras,Latin America & Caribbean,2018,18.86219899213,187.50000000874766,2250.000000104972,0.10059839462,2320,0.9,2018,208.79999999999998,Americas,233.3882755184,1.0840344248350575
HND,Honduras,Latin America & Caribbean,2017,NA,NA,NA,0.0897,2250,1.1,2017,247.5,Americas,201.82500000000002,0.8154545454545455
HND,Honduras,Latin America & Caribbean,2016,NA,NA,NA,0.0975,2120,1,2016,212,Americas,206.70000000000002,0.9750000000000001
HND,Honduras,Latin America & Caribbean,2015,NA,NA,NA,0.0856,2060,1.3,2015,267.8,Americas,176.33599999999998,0.6584615384615383
IND,India,South Asia,2019,0.753854499951,168.33333333578958,2020.000000029475,0.004478343564,2130,3.3,2011,702.9,Asia,9.53887179132,0.012869901834417411
IND,India,South Asia,2018,0.72773835441,151.66666680074263,1820.0000016089116,0.00479827486,2010,3.3,2011,663.3000000000001,Asia,9.6445324686,0.01316577755603799
IND,India,South Asia,2017,NA,NA,NA,0.0153,1830,3.3,2011,603.9,Asia,27.999,0.046363636363636364
IND,India,South Asia,2016,NA,NA,NA,0.0269,1680,3.3,2011,554.4,Asia,45.192,0.08151515151515151
IND,India,South Asia,2015,NA,NA,NA,0.0355,1600,3.3,2011,528,Asia,56.8,0.10757575757575757
IDN,Indonesia,East Asia & Pacific,2019,3.859724610895,320.0000000012436,3840.0000000149234,0.012061639409,4050,2.8,2018,1134,Asia,48.84963960645,0.04084364667613756
IDN,Indonesia,East Asia & Pacific,2018,2.29700023121,295.0000000654985,3540.000000785982,0.00778644146,3850,2.8,2018,1078,Asia,29.977799621,0.025569575857625235
IDN,Indonesia,East Asia & Pacific,2017,NA,NA,NA,0.0095,3530,2.8,2017,988.4000000000001,Asia,33.535,0.03392857142857142
IDN,Indonesia,East Asia & Pacific,2016,NA,NA,NA,0.0145,3400,2.8,2016,952.0000000000001,Asia,49.300000000000004,0.05178571428571428
IDN,Indonesia,East Asia & Pacific,2015,NA,NA,NA,0.0153,3430,2.9,2015,994.6999999999999,Asia,52.479,0.05275862068965517
IRN,Iran,Middle East & North Africa,2019,1.920000000192,NA,NA,NA,NA,NA,NA,NA,Asia,NA,NA
IRN,Iran,Middle East & North Africa,2018,1.65973013614,450.0000001735222,5400.000002082266,0.00368828919,NA,NA,NA,NA,Asia,NA,NA
JAM,Jamaica,Latin America & Caribbean,2019,7.723359199272,415.8333333387803,4990.000000065364,0.018573208495,5250,2.1,2004,1102.5,Americas,97.50934459875,0.08406377359751836
JAM,Jamaica,Latin America & Caribbean,2018,5.89961415414,395.8333333175661,4749.999999810793,0.01490428839,4970,2.1,2004,1043.7,Americas,74.0743132983,0.06783114865352112
JAM,Jamaica,Latin America & Caribbean,2017,NA,NA,NA,0.0181,4740,2.1,2004,995.4,Americas,85.79400000000001,0.0861904761904762
JAM,Jamaica,Latin America & Caribbean,2016,NA,NA,NA,0.0394,4600,2.1,2004,966,Americas,181.23999999999998,0.1876190476190476
JAM,Jamaica,Latin America & Caribbean,2015,NA,NA,NA,0.0126,4710,2.1,2004,989.0999999999999,Americas,59.346000000000004,0.06000000000000001
JOR,Jordan,Middle East & North Africa,2019,8.181189999787,350.8333333287377,4209.999999944852,0.023319306413,4300,3.5,2010,1505,Asia,100.2730175759,0.06523207973252092
JOR,Jordan,Middle East & North Africa,2018,8.15154555201,331.66666663181104,3979.9999995817325,0.02457752428,4200,3.5,2010,1470,Asia,103.225601976,0.06654322899600001
JOR,Jordan,Middle East & North Africa,2017,NA,NA,NA,0.0148,4020,3.5,2010,1407,Asia,59.496,0.04228571428571429
JOR,Jordan,Middle East & North Africa,2016,NA,NA,NA,0.0217,3930,3.5,2010,1375.5,Asia,85.281,0.062000000000000006
JOR,Jordan,Middle East & North Africa,2015,NA,NA,NA,0.0145,3900,3.5,2010,1365,Asia,56.550000000000004,0.04142857142857143
KAZ,Kazakhstan,Europe & Central Asia,2019,2.075089488733,652.4999999663545,7829.9999995962535,0.003180213776,8810,4.3,2017,3788.2999999999997,Asia,28.01768336656,0.006573152565740834
KAZ,Kazakhstan,Europe & Central Asia,2018,2.12547511647,657.5000008336783,7890.00001000414,0.00323266177,8070,4.3,2017,3470.1,Asia,26.0875804839,0.0073501344046684545
KAZ,Kazakhstan,Europe & Central Asia,2017,NA,NA,NA,0.0068,8040,4.3,2017,3457.2,Asia,54.672,0.01581395348837209
KAZ,Kazakhstan,Europe & Central Asia,2016,NA,NA,NA,0.0062,8770,4.2,2016,3683.4,Asia,54.373999999999995,0.01476190476190476
KAZ,Kazakhstan,Europe & Central Asia,2015,NA,NA,NA,0.0056,11380,4.3,2015,4893.4,Asia,63.728,0.013023255813953489
KEN,Kenya,Sub-Saharan Africa,2019,4.190310535602,134.99999999893686,1619.9999999872423,0.031039337301,1750,2.4,2015,420,Africa,54.31884027675,0.11972315816005714
KEN,Kenya,Sub-Saharan Africa,2018,4.86201912371,120.00000000271491,1440.000000032579,0.04051682603,1600,2.4,2015,384,Africa,64.826921648,0.1519380976159375
KEN,Kenya,Sub-Saharan Africa,2017,NA,NA,NA,0.0401,1420,2.4,2015,340.8,Africa,56.94199999999999,0.1670833333333333
KEN,Kenya,Sub-Saharan Africa,2016,NA,NA,NA,0.0433,1350,2.4,2015,324,Africa,58.455,0.18041666666666667
KEN,Kenya,Sub-Saharan Africa,2015,NA,NA,NA,0.0972,1290,2.4,2015,309.59999999999997,Africa,125.38799999999999,0.405
KGZ,Kyrgyzstan,Europe & Central Asia,2019,3.070477563426,101.6666666654857,1219.9999999858285,0.030201418657,1240,4.3,2018,533.2,Asia,37.44975913468,0.06910302093231807
KGZ,Kyrgyzstan,Europe & Central Asia,2018,3.07728772466,94.16666666034256,1129.9999999241106,0.03267916168,1220,4.3,2018,524.6,Asia,39.8685772496,0.07039163685840641
LAO,Laos,East Asia & Pacific,2019,4.60789999987,204.99999999977754,2459.9999999973306,0.022477560975,2570,3.2,2012,822.4,Asia,57.76733170575,0.06723589493973735
LAO,Laos,East Asia & Pacific,2018,4.70607635556,189.16666667711766,2270.000000125412,0.02487793668,2450,3.2,2012,784,Asia,60.950944866,0.07203178095244897
LBN,Lebanon,Middle East & North Africa,2019,21.09,640.8333333318647,7689.999999982376,0.032910273082,7600,3.1,2011,2356,Asia,250.1180754232,0.10741935483870967
LBN,Lebanon,Middle East & North Africa,2018,21.09,692.499999913807,8309.999998965683,0.03045487365,7720,3.1,2011,2393.2,Asia,235.11162457799998,0.10574962393448104
LSO,Lesotho,Sub-Saharan Africa,2019,5.363372570816,114.99999999980702,1379.9999999976842,0.046638022355,1360,1.7,2017,231.20000000000002,Africa,63.4277104028,0.27837573896968854
LSO,Lesotho,Sub-Saharan Africa,2018,4.80481042436,106.66666666281868,1279.9999999538243,0.04504509773,1280,1.7,2017,217.60000000000002,Africa,57.65772509439999,0.2649711631080882
LBR,Liberia,Sub-Saharan Africa,2019,8.625,50.00000000000001,600.0000000000001,0.1725,580,2.9,2016,168.2,Africa,100.05,0.6153388822829965
LBR,Liberia,Sub-Saharan Africa,2018,5.75,31.666666666391304,379.99999999669564,0.18157894737,610,2.9,2016,176.89999999999998,Africa,110.76315789569999,0.3900508762012437
LBR,Liberia,Sub-Saharan Africa,2017,NA,NA,NA,NA,620,2.9,2016,179.79999999999998,Africa,NA,NA
LBR,Liberia,Sub-Saharan Africa,2016,NA,NA,NA,NA,620,2.9,2016,179.79999999999998,Africa,NA,NA
LBR,Liberia,Sub-Saharan Africa,2015,NA,NA,NA,NA,630,2.9,2016,182.7,Africa,NA,NA
LBY,Libya,Middle East & North Africa,2019,11.367682662815,527.5000000096287,6330.000000115544,0.021550109313,7640,NA,NA,NA,Africa,164.64283515131999,NA
LBY,Libya,Middle East & North Africa,2018,11.22387353737,545.0000000349612,6540.000000419534,0.02059426337,6800,NA,NA,NA,Africa,140.040990916,NA
MDG,Madagascar,Sub-Saharan Africa,2019,5.988054500056,36.66666666672382,440.0000000006859,0.163310577274,520,2.2,2012,114.4,Africa,84.92150018248,0.6281176049009789
MDG,Madagascar,Sub-Saharan Africa,2018,6.24028015187,33.33333333263892,399.9999999916671,0.18720840456,510,2.2,2012,112.2,Africa,95.4762863256,0.66740964191123
MWI,Malawi,Sub-Saharan Africa,2019,4.754716944386,29.99999999997476,359.99999999969714,0.158490564813,380,2.6,2016,98.8,Africa,60.22641462894,0.5774959851480971
MWI,Malawi,Sub-Saharan Africa,2018,4.86279958319,26.666666666611828,319.9999999993419,0.18235498437,350,2.6,2016,91,Africa,63.8242445295,0.6412482966843956
MWI,Malawi,Sub-Saharan Africa,2017,NA,NA,NA,0.1785,340,2.6,2016,88.4,Africa,60.69,0.6865384615384614
MWI,Malawi,Sub-Saharan Africa,2016,NA,NA,NA,0.2009,340,2.6,2016,88.4,Africa,68.306,0.7726923076923076
MWI,Malawi,Sub-Saharan Africa,2015,NA,NA,NA,0.3596,350,2.6,2016,91,Africa,125.85999999999999,1.3830769230769229
MYS,Malaysia,East Asia & Pacific,2019,3.616636666678,871.6666665693766,10459.99999883252,0.004149105163,11200,2.3,2015,2576,Asia,46.4699778256,0.016847686335456524
MYS,Malaysia,East Asia & Pacific,2018,7.18809943433,804.1666670951469,9650.000005141763,0.00893856924,10590,2.3,2015,2435.7000000000003,Asia,94.6594482516,0.035413718114693925
MYS,Malaysia,East Asia & Pacific,2017,NA,NA,NA,0.0107,9940,2.3,2015,2286.2000000000003,Asia,106.35799999999999,0.046521739130434774
MYS,Malaysia,East Asia & Pacific,2016,NA,NA,NA,0.0082,10150,2.3,2015,2334.5,Asia,83.23,0.03565217391304348
MYS,Malaysia,East Asia & Pacific,2015,NA,NA,NA,0.0119,10680,2.3,2015,2456.4,Asia,127.09200000000001,0.051739130434782614
MLI,Mali,Sub-Saharan Africa,2019,6.850586666413,69.16666666691572,830.0000000029886,0.099044626502,880,3.3,2009,290.40000000000003,Africa,87.15927132175999,0.28308209365342973
MLI,Mali,Sub-Saharan Africa,2018,6.96058991546,64.16666666383964,769.9999999660756,0.10847672596,840,3.3,2009,277.2,Africa,91.1204498064,0.3013242387645022
MLI,Mali,Sub-Saharan Africa,2017,NA,NA,NA,0.2104,770,3.3,2009,254.10000000000002,Africa,162.008,0.6375757575757576
MLI,Mali,Sub-Saharan Africa,2016,NA,NA,NA,0.1933,780,3.3,2009,257.40000000000003,Africa,150.774,0.5857575757575757
MLI,Mali,Sub-Saharan Africa,2015,NA,NA,NA,0.1937,800,3.3,2009,264,Africa,154.96,0.586969696969697
MUS,Mauritius,Sub-Saharan Africa,2019,5.959529333491,1004.1666666679585,12050.000000015501,0.005934800996,12740,2.9,2017,3694.6,Africa,75.60936468904,0.019356453202482544
MUS,Mauritius,Sub-Saharan Africa,2018,5.94370868886,844.99999996588,10139.99999959056,0.00703397478,12040,2.9,2017,3491.6,Africa,84.6890563512,0.02042745568401879
MUS,Mauritius,Sub-Saharan Africa,2017,NA,NA,NA,0.0101,10980,2.9,2017,3184.2,Africa,110.898,0.03482758620689655
MUS,Mauritius,Sub-Saharan Africa,2016,NA,NA,NA,0.0106,10640,2.9,2017,3085.6,Africa,112.784,0.036551724137931035
MUS,Mauritius,Sub-Saharan Africa,2015,NA,NA,NA,0.0112,10700,2.9,2017,3103,Africa,119.84,0.038620689655172416
MEX,Mexico,Latin America & Caribbean,2019,8.408993747908,765.0000000052764,9180.000000063317,0.01099214869,9430,2,2018,1886,Americas,103.6559621467,0.05350367177884199
MEX,Mexico,Latin America & Caribbean,2018,8.10930698045,717.4999998473745,8609.999998168494,0.01130217001,9180,2,2018,1836,Americas,103.75392069179999,0.05300200640816994
MEX,Mexico,Latin America & Caribbean,2017,NA,NA,NA,0.0146,8930,2,2018,1786,Americas,130.37800000000001,0.07300000000000001
MEX,Mexico,Latin America & Caribbean,2016,NA,NA,NA,0.0129,9400,1.9,2016,1786,Americas,121.26,0.06789473684210527
MEX,Mexico,Latin America & Caribbean,2015,NA,NA,NA,0.0203,10170,1.9,2016,1932.3,Americas,206.451,0.10684210526315789
MNG,Mongolia,East Asia & Pacific,2019,6.300123286884,298.3333333316286,3579.9999999795427,0.021117731688,3780,3.3,2018,1247.4,Asia,79.82502578064,0.0606072466270707
MNG,Mongolia,East Asia & Pacific,2018,6.41573994867,274.1666666985031,3290.000000382037,0.02340087519,3630,3.3,2018,1197.9,Asia,84.9451769397,0.06426987176228398
MAR,Morocco,Middle East & North Africa,2019,5.190857499948,257.4999999963043,3089.999999955652,0.020158669903,3190,2.7,2013,861.3000000000001,Africa,64.30615699056999,0.07232124695155695
MAR,Morocco,Middle East & North Africa,2018,5.27795338702,238.33333329585352,2859.999999550242,0.02214525897,3090,2.7,2013,834.3000000000001,Africa,68.42885021730001,0.07591446799021934
MAR,Morocco,Middle East & North Africa,2017,NA,NA,NA,0.0221,2880,2.7,2013,777.6,Africa,63.648,0.08185185185185186
MAR,Morocco,Middle East & North Africa,2016,NA,NA,NA,0.021,2880,2.7,2013,777.6,Africa,60.480000000000004,0.07777777777777778
MAR,Morocco,Middle East & North Africa,2015,NA,NA,NA,0.0205,3020,2.7,2013,815.4000000000001,Africa,61.910000000000004,0.07592592592592592
MOZ,Mozambique,Sub-Saharan Africa,2019,2.50101852374,36.666666666666664,440,0.068209596102,480,1.6,2014,76.8,Africa,32.74060612896,0.390784144334375
MOZ,Mozambique,Sub-Saharan Africa,2018,2.52220640071,35.00000000013877,420.0000000016652,0.07206304002,460,1.6,2014,73.60000000000001,Africa,33.1489984092,0.4112293044635869
MOZ,Mozambique,Sub-Saharan Africa,2017,NA,NA,NA,0.0943,470,1.6,2014,75.2,Africa,44.321,0.589375
MOZ,Mozambique,Sub-Saharan Africa,2016,NA,NA,NA,0.0685,530,1.6,2014,84.8,Africa,36.305,0.42812500000000003
MOZ,Mozambique,Sub-Saharan Africa,2015,NA,NA,NA,0.1194,640,1.6,2014,102.4,Africa,76.416,0.74625
MMR,Myanmar (Burma),East Asia & Pacific,2019,0.65555562141,109.16666666250353,1309.9999999500424,0.006005089662,1390,3.8,2017,528.2,Asia,8.34707463018,0.014893349975236652
MMR,Myanmar (Burma),East Asia & Pacific,2018,0.65851004818,99.1666666762042,1190.0000001144504,0.00664043746,1370,3.8,2017,520.6,Asia,9.0973993202,0.015178871644563963
MMR,Myanmar (Burma),East Asia & Pacific,2017,NA,NA,NA,0.0147,1290,3.8,2017,490.2,Asia,18.963,0.03868421052631579
MMR,Myanmar (Burma),East Asia & Pacific,2016,NA,NA,NA,NA,1280,3.8,2017,486.4,Asia,NA,NA
MMR,Myanmar (Burma),East Asia & Pacific,2015,NA,NA,NA,0.059,1260,3,2015,378,Asia,74.33999999999999,0.19666666666666663
NAM,Namibia,Sub-Saharan Africa,2019,8.566428720927,437.49999999946374,5249.999999993564,0.019580408505,5060,1,2015,506,Africa,99.0768670353,0.203156412354
NAM,Namibia,Sub-Saharan Africa,2018,11.02101825449,383.3333333735646,4600.000000482775,0.0287504824,4900,1,2015,490,Africa,140.87736376,0.2699024878650612
NAM,Namibia,Sub-Saharan Africa,2017,NA,NA,NA,0.0466,4610,1,2015,461,Africa,214.82600000000002,0.466
NAM,Namibia,Sub-Saharan Africa,2016,NA,NA,NA,0.0349,4700,1,2015,470,Africa,164.03,0.349
NAM,Namibia,Sub-Saharan Africa,2015,NA,NA,NA,0.0269,5290,1,2015,529,Africa,142.301,0.26899999999999996
NPL,Nepal,South Asia,2019,5.075679695857,80.00000000026795,960.0000000032153,0.063445996198,1090,3.5,2010,381.5,Asia,69.15613585582,0.15965440720913235
NPL,Nepal,South Asia,2018,4.85403699206,65.83333333719867,790.000000046384,0.07373220747,970,3.5,2010,339.5,Asia,71.52024124590001,0.17157126334232697
NPL,Nepal,South Asia,2017,NA,NA,NA,0.0441,860,3.5,2010,301,Asia,37.926,0.126
NPL,Nepal,South Asia,2016,NA,NA,NA,0.046,770,3.5,2010,269.5,Asia,35.42,0.13142857142857142
NPL,Nepal,South Asia,2015,NA,NA,NA,0.0914,780,3.5,2010,273,Asia,71.292,0.2611428571428571
NIC,Nicaragua,Latin America & Caribbean,2019,9.118566667971,169.1666666653093,2029.9999999837114,0.053902857151,1910,2,2014,382,Americas,102.95445715841001,0.286447120459822
NIC,Nicaragua,Latin America & Caribbean,2018,9.19675347882,177.49999998398076,2129.999999807769,0.05181269566,2020,2,2014,404,Americas,104.66164523319999,0.27317089541049505
NIC,Nicaragua,Latin America & Caribbean,2017,NA,NA,NA,0.0907,2080,2,2014,416,Americas,188.656,0.4535
NIC,Nicaragua,Latin America & Caribbean,2016,NA,NA,NA,0.0812,2000,2,2014,400,Americas,162.39999999999998,0.4059999999999999
NIC,Nicaragua,Latin America & Caribbean,2015,NA,NA,NA,0.0945,1910,2,2014,382,Americas,180.495,0.47250000000000003
NER,Niger,Sub-Saharan Africa,2019,3.425293333207,31.66666666659271,379.99999999911256,0.108167157891,560,3.2,2014,179.20000000000002,Africa,60.57360841896,0.2293723214201116
NER,Niger,Sub-Saharan Africa,2018,3.48029495773,30.000000001120593,360.0000000134471,0.11600983192,540,3.2,2014,172.8,Africa,62.6453092368,0.24168714984236112
NGA,Nigeria,Sub-Saharan Africa,2019,2.776454999806,163.33333333760817,1960.000000051298,0.01699870408,2030,2,2009,406,Africa,34.5073692824,0.08206270935387193
NGA,Nigeria,Sub-Saharan Africa,2018,2.74042845349,173.33333338540953,2080.0000006249143,0.01581016415,1970,2,2009,394,Africa,31.1460233755,0.08346482599461928
NGA,Nigeria,Sub-Saharan Africa,2017,NA,NA,NA,0.0159,2100,2,2009,420,Africa,33.39,0.0795
NGA,Nigeria,Sub-Saharan Africa,2016,NA,NA,NA,0.0157,2470,2,2009,494,Africa,38.778999999999996,0.07849999999999999
NGA,Nigeria,Sub-Saharan Africa,2015,NA,NA,NA,0.0654,2880,2,2009,576,Africa,188.352,0.327
PAK,Pakistan,South Asia,2019,1.429926866949,131.66666666396566,1579.9999999675879,0.010860204053,1530,3.9,2015,596.7,Asia,16.61611220109,0.028756699184494718
PAK,Pakistan,South Asia,2018,1.29908229404,131.66666670450533,1580.0000004540639,0.0098664478,1590,3.9,2015,620.1,Asia,15.687652002000002,0.025139473517948718
PAK,Pakistan,South Asia,2017,NA,NA,NA,0.0112,1500,3.9,2015,585,Asia,16.8,0.028717948717948718
PAK,Pakistan,South Asia,2016,NA,NA,NA,0.0122,1420,3.9,2015,553.8000000000001,Asia,17.324,0.03128205128205128
PAK,Pakistan,South Asia,2015,NA,NA,NA,0.0207,1360,3.9,2015,530.4,Asia,28.152,0.053076923076923084
PNG,Papua New Guinea,East Asia & Pacific,2019,19.8431629453,210.83333333224428,2529.9999999869315,0.094117768911,2780,1.9,2009,528.2,Oceania,261.64739757258,0.450810214584627
PNG,Papua New Guinea,East Asia & Pacific,2018,22.62530494391,200.83333333808224,2410.000000056987,0.11265712005,2570,1.9,2009,488.3,Oceania,289.52879852850003,0.5560181432048331
PRY,Paraguay,Latin America & Caribbean,2019,7.186420000349,473.3333333185576,5679.999999822691,0.015182577466,5510,1.7,2018,936.7,Americas,83.65600183766,0.09206473791415394
PRY,Paraguay,Latin America & Caribbean,2018,12.81503695774,326.66666668892873,3920.000000267145,0.03922970497,5620,1.7,2018,955.4000000000001,Americas,220.4709419314,0.16095922492451328
PER,Peru,Latin America & Caribbean,2019,9.035420000224,544.1666666542101,6529.999999850521,0.016604140889,6740,1.8,2018,1213.2,Americas,111.91190959186,0.08937111770745797
PER,Peru,Latin America & Caribbean,2018,8.92264782608,497.50000012991376,5970.000001558965,0.0179349705,6470,1.8,2018,1164.6,Americas,116.03925913500001,0.09193866899618754
PER,Peru,Latin America & Caribbean,2017,NA,NA,NA,0.0185,6060,1.7,2017,1030.2,Americas,112.11,0.1088235294117647
PER,Peru,Latin America & Caribbean,2016,NA,NA,NA,0.036,6110,1.6,2016,977.6,Americas,219.95999999999998,0.22499999999999998
PER,Peru,Latin America & Caribbean,2015,NA,NA,NA,0.038,6340,1.6,2015,1014.4,Americas,240.92,0.2375
PHL,Philippines,East Asia & Pacific,2019,4.329943749768,319.16666665558535,3829.999999867024,0.013566403394,3850,2.3,2015,885.5,Asia,52.230653066900004,0.058677950307415024
PHL,Philippines,East Asia & Pacific,2018,5.62376512439,304.9999999723406,3659.999999668087,0.01843857418,3710,2.3,2015,853.3000000000001,Asia,68.4071102078,0.07908728640885972
PHL,Philippines,East Asia & Pacific,2017,NA,NA,NA,0.0195,3530,2.3,2015,811.9000000000001,Asia,68.835,0.08478260869565216
PHL,Philippines,East Asia & Pacific,2016,NA,NA,NA,0.0202,3450,2.3,2015,793.5,Asia,69.69,0.08782608695652173
PHL,Philippines,East Asia & Pacific,2015,NA,NA,NA,0.038,3380,2.3,2015,777.4,Asia,128.44,0.16521739130434782
RWA,Rwanda,Sub-Saharan Africa,2019,2.205361111059,64.9999999996758,779.9999999961095,0.033928632478,820,2.4,2016,196.79999999999998,Africa,27.82147863196,0.13447323847920734
RWA,Rwanda,Sub-Saharan Africa,2018,2.79615049297,59.99999999506464,719.9999999407758,0.04660250822,780,2.4,2016,187.2,Africa,36.3499564116,0.17924041621602566
RWA,Rwanda,Sub-Saharan Africa,2017,NA,NA,NA,0.0387,740,2.4,2016,177.6,Africa,28.637999999999998,0.16125
RWA,Rwanda,Sub-Saharan Africa,2016,NA,NA,NA,0.0842,750,2.4,2016,180,Africa,63.15,0.35083333333333333
RWA,Rwanda,Sub-Saharan Africa,2015,NA,NA,NA,0.2016,750,2.4,2016,180,Africa,151.2,0.84
SEN,Senegal,Sub-Saharan Africa,2019,3.425293333207,117.50000000015437,1410.0000000018524,0.029151432623,1450,2.3,2011,333.5,Africa,42.26957730335,0.12324893552768816
SEN,Senegal,Sub-Saharan Africa,2018,3.48029495773,79.16666666431612,949.9999999717935,0.04396162052,1400,2.3,2011,322,Africa,61.546268728,0.1297004332073292
SEN,Senegal,Sub-Saharan Africa,2017,NA,NA,NA,0.0523,1280,2.3,2011,294.40000000000003,Africa,66.944,0.22739130434782606
SEN,Senegal,Sub-Saharan Africa,2016,NA,NA,NA,0.0387,1270,2.3,2011,292.1,Africa,49.149,0.16826086956521738
SEN,Senegal,Sub-Saharan Africa,2015,NA,NA,NA,0.102,1320,2.3,2011,303.6,Africa,134.64,0.44347826086956516
SLE,Sierra Leone,Sub-Saharan Africa,2019,4.107576309972,41.6666666668053,500.0000000016636,0.098581831439,500,3.4,2018,170,Africa,49.2909157195,0.2899465630568471
SLE,Sierra Leone,Sub-Saharan Africa,2018,10.99109470033,42.499999999826,509.999999997912,0.25861399295,490,3.4,2018,166.60000000000002,Africa,126.7208565455,0.7916754886192076
SLE,Sierra Leone,Sub-Saharan Africa,2017,NA,NA,NA,0.208,520,3.4,2018,176.8,Africa,108.16,0.6117647058823529
SLE,Sierra Leone,Sub-Saharan Africa,2016,NA,NA,NA,NA,490,3.4,2018,166.60000000000002,Africa,NA,NA
SLE,Sierra Leone,Sub-Saharan Africa,2015,NA,NA,NA,0.5189,550,3.4,2018,187,Africa,285.39500000000004,1.5261764705882355
SLB,Solomon Islands,East Asia & Pacific,2019,9.6908285714,166.66666666781325,2000.0000000137588,0.058144971428,2050,2.8,2013,574,Oceania,119.1971914274,0.2025957192627178
SLB,Solomon Islands,East Asia & Pacific,2018,22.59242521619,160.0000000013456,1920.0000000161472,0.1412026576,2020,2.8,2013,565.6,Oceania,285.229368352,0.4793300965245403
SOM,Somalia,Sub-Saharan Africa,2019,4,NA,NA,NA,NA,NA,NA,NA,Africa,NA,NA
SOM,Somalia,Sub-Saharan Africa,2018,15,NA,NA,NA,NA,NA,NA,NA,Africa,NA,NA
ZAF,South Africa,Sub-Saharan Africa,2019,10.366291735752,476.6666666644595,5719.999999973514,0.02174746518,6040,0.9,2014,543.6,Africa,131.35468968720002,0.22883646215788078
ZAF,South Africa,Sub-Saharan Africa,2018,10.41206706471,452.50000001347235,5430.000000161668,0.02301009296,5750,0.9,2014,517.5,Africa,132.30803452,0.2414392362831304
ZAF,South Africa,Sub-Saharan Africa,2017,NA,NA,NA,0.025,5410,0.9,2014,486.9,Africa,135.25,0.2777777777777778
ZAF,South Africa,Sub-Saharan Africa,2016,NA,NA,NA,0.0235,5470,0.9,2014,492.29999999999995,Africa,128.545,0.2611111111111111
ZAF,South Africa,Sub-Saharan Africa,2015,NA,NA,NA,0.0248,6050,0.9,2014,544.5,Africa,150.04,0.27555555555555555
SSD,South Sudan,Sub-Saharan Africa,2019,5.35952987465,NA,NA,NA,NA,NA,NA,NA,Africa,NA,NA
SSD,South Sudan,Sub-Saharan Africa,2018,5.5281316866,NA,NA,NA,NA,NA,NA,NA,Africa,NA,NA
LKA,Sri Lanka,South Asia,2019,0.784825779818,338.3333333094795,4059.999999713754,0.002319682108,4020,2.9,2016,1165.8,Asia,9.32512207416,0.00807849490291302
LKA,Sri Lanka,South Asia,2018,0.77467428878,320.0000003221999,3840.0000038663993,0.00242085715,4040,2.9,2016,1171.6,Asia,9.780262886000001,0.00793452668603619
LKA,Sri Lanka,South Asia,2017,NA,NA,NA,0.004,3870,2.9,2016,1122.3,Asia,15.48,0.013793103448275864
LKA,Sri Lanka,South Asia,2016,NA,NA,NA,0.0043,3810,2.9,2016,1104.8999999999999,Asia,16.383,0.014827586206896552
LKA,Sri Lanka,South Asia,2015,NA,NA,NA,0.0048,3760,2.9,2016,1090.3999999999999,Asia,18.048,0.016551724137931035
SDN,Sudan,Sub-Saharan Africa,2019,0.978240672691,130.0000000081064,1560.0000000972768,0.007524928251,590,3.2,2014,188.8,Africa,4.43970766809,0.062176313942224566
SDN,Sudan,Sub-Saharan Africa,2018,1.20149317193,198.3333332034764,2379.999998441717,0.00605794877,840,3.2,2014,268.8,Africa,5.0886769668,0.05363808803258928
SDN,Sudan,Sub-Saharan Africa,2017,NA,NA,NA,0.0441,1320,3.2,2014,422.40000000000003,Africa,58.212,0.1378125
SDN,Sudan,Sub-Saharan Africa,2016,NA,NA,NA,0.026,1570,3.2,2014,502.40000000000003,Africa,40.82,0.08124999999999999
SDN,Sudan,Sub-Saharan Africa,2015,NA,NA,NA,0.0099,1690,3.2,2014,540.8,Africa,16.731,0.030937500000000007
SUR,Suriname,Latin America & Caribbean,2019,11.933493800754,415.8333333358829,4990.000000030595,0.028697780683,5540,NA,NA,NA,Americas,158.98570498382,NA
SUR,Suriname,Latin America & Caribbean,2018,20.23454293079,501.66666668336035,6020.000000200324,0.04033463707,5210,NA,NA,NA,Americas,210.14345913469998,NA
TJK,Tajikistan,Europe & Central Asia,2019,3.71059305542,84.16666666628862,1009.9999999954634,0.044086254124,1030,3,2015,309,Asia,45.408841747720004,0.1441007011813592
TJK,Tajikistan,Europe & Central Asia,2018,3.68339408457,82.49999999092888,989.9999998911467,0.04464720103,1000,3,2015,300,Asia,44.64720103,0.1473357633828
TZA,Tanzania,Sub-Saharan Africa,2019,4.341401667556,84.99999999992168,1019.9999999990603,0.051075313736,1080,2.9,2017,313.2,Africa,55.16133883488,0.16633722864199235
TZA,Tanzania,Sub-Saharan Africa,2018,4.36781236471,75.83333333133672,909.9999999760406,0.05759752569,1020,2.9,2017,295.79999999999995,Africa,58.7494762038,0.17719319937971603
TZA,Tanzania,Sub-Saharan Africa,2017,NA,NA,NA,0.0583,970,2.9,2017,281.29999999999995,Africa,56.550999999999995,0.2010344827586207
TZA,Tanzania,Sub-Saharan Africa,2016,NA,NA,NA,0.0625,970,2.9,2017,281.29999999999995,Africa,60.625,0.2155172413793104
TZA,Tanzania,Sub-Saharan Africa,2015,NA,NA,NA,0.0874,980,2.9,2017,284.2,Africa,85.652,0.3013793103448276
THA,Thailand,East Asia & Pacific,2019,6.300924838412,550.8333333504825,6610.00000020579,0.011438895319,7260,3,2018,2178,Asia,83.04638001593999,0.03471583933009366
THA,Thailand,East Asia & Pacific,2018,6.05986706688,496.6666667196675,5960.00000063601,0.01220107463,6600,3,2018,1980,Asia,80.52709255799999,0.036726467072
THA,Thailand,East Asia & Pacific,2017,NA,NA,NA,0.0131,5960,3,2017,1788,Asia,78.07600000000001,0.04366666666666667
THA,Thailand,East Asia & Pacific,2016,NA,NA,NA,0.0119,5700,3.1,2016,1767,Asia,67.83,0.038387096774193545
THA,Thailand,East Asia & Pacific,2015,NA,NA,NA,0.0227,5710,3.2,2015,1827.2,Asia,129.61700000000002,0.07093750000000001
TLS,Timor-Leste,East Asia & Pacific,2019,7.5,151.66666666528482,1819.9999999834179,0.049450549451,1890,4,2014,756,Asia,93.46153846239,0.11904761904761904
TLS,Timor-Leste,East Asia & Pacific,2018,5.28571428571,149.16666664695921,1789.9999997635105,0.03543495611,1810,4,2014,724,Asia,64.1372705591,0.08760852407254144
TGO,Togo,Sub-Saharan Africa,2019,7.193115999734,54.166666666828576,650.0000000019429,0.132795987687,690,1.9,2015,131.1,Africa,91.62923150402999,0.6584087871610069
TGO,Togo,Sub-Saharan Africa,2018,7.8306636549,50.83333333382021,610.0000000058425,0.15404584239,660,1.9,2015,125.4,Africa,101.67025597739999,0.7493458042966508
TTO,Trinidad & Tobago,Latin America & Caribbean,2019,49.345553875482,1353.333333322052,16239.999999864625,0.036462231928,16890,NA,NA,NA,Americas,615.84709726392,NA
TTO,Trinidad & Tobago,Latin America & Caribbean,2018,29.22872903176,1279.1666667473385,15350.000000968063,0.02284982074,16020,NA,NA,NA,Americas,366.0541282548,NA
TUN,Tunisia,Middle East & North Africa,2019,3.52193450006,291.6666666716355,3500.0000000596256,0.012075204,3360,3.2,2015,1075.2,Africa,40.57268544,0.03930730468816964
TUN,Tunisia,Middle East & North Africa,2018,3.61161420419,291.6666667022002,3500.000000426402,0.01238267727,3500,3.2,2015,1120,Africa,43.339370445,0.038695866473464284
TUN,Tunisia,Middle East & North Africa,2017,NA,NA,NA,0.0137,3520,3.2,2015,1126.4,Africa,48.224000000000004,0.0428125
TUN,Tunisia,Middle East & North Africa,2016,NA,NA,NA,0.0141,3750,3.2,2015,1200,Africa,52.875,0.0440625
TUN,Tunisia,Middle East & North Africa,2015,NA,NA,NA,0.0156,3960,3.2,2015,1267.2,Africa,61.775999999999996,0.048749999999999995
TUR,Turkey,Europe & Central Asia,2019,4.255009722456,865.0000000601739,10380.000000722086,0.004919086384,9610,2.2,2018,2114.2,Asia,47.272420150239995,0.024151034277491254
TUR,Turkey,Europe & Central Asia,2018,4.55396555933,910.833332444294,10929.999989331529,0.00499977921,10420,2.2,2018,2292.4,Asia,52.097699368200004,0.02383859130690979
TUR,Turkey,Europe & Central Asia,2017,NA,NA,NA,0.0057,10900,2.2,2017,2398,Asia,62.13,0.02590909090909091
TUR,Turkey,Europe & Central Asia,2016,NA,NA,NA,0.0123,11180,2.2,2016,2459.6,Asia,137.514,0.055909090909090915
TUR,Turkey,Europe & Central Asia,2015,NA,NA,NA,0.0118,11960,2.1,2015,2511.6,Asia,141.128,0.056190476190476187
UGA,Uganda,Sub-Saharan Africa,2019,4.004791667017,51.66666666664946,619.9999999997935,0.077512096781,780,2.5,2016,195,Africa,60.45943548918,0.24644871797027693
UGA,Uganda,Sub-Saharan Africa,2018,4.03744841198,49.99999999975232,599.9999999970278,0.08074896824,750,2.5,2016,187.5,Africa,60.561726179999994,0.25839669836671997
UGA,Uganda,Sub-Saharan Africa,2017,NA,NA,NA,0.162,740,2.5,2016,185,Africa,119.88000000000001,0.648
UGA,Uganda,Sub-Saharan Africa,2016,NA,NA,NA,0.1533,790,2.5,2016,197.5,Africa,121.107,0.6132
UGA,Uganda,Sub-Saharan Africa,2015,NA,NA,NA,0.2771,830,2.5,2016,207.5,Africa,229.99300000000002,1.1084
UKR,Ukraine,Europe & Central Asia,2019,2.828671249761,221.66666667105505,2660.0000000526607,0.012760922931,3370,4.2,2018,1415.3999999999999,Europe,43.00431027747,0.023981952096320477
UKR,Ukraine,Europe & Central Asia,2018,2.69881252249,199.16666660012555,2389.9999992015064,0.01355052313,2800,4.2,2018,1176,Europe,37.941464764,0.027538903290714286
UZB,Uzbekistan,Europe & Central Asia,2019,2.939522466642,168.33333333163446,2019.9999999796137,0.017462509703,1800,2.9,2003,522,Asia,31.4325174654,0.06757522911820689
UZB,Uzbekistan,Europe & Central Asia,2018,3.02458227338,164.99999997163246,1979.9999996595895,0.01833080166,2020,2.9,2003,585.8,Asia,37.0282193532,0.06195798443250257
VEN,Venezuela,Latin America & Caribbean,2017,NA,NA,NA,NA,NA,NA,NA,NA,Americas,NA,NA
VEN,Venezuela,Latin America & Caribbean,2016,NA,NA,NA,NA,NA,NA,NA,NA,Americas,NA,NA
VEN,Venezuela,Latin America & Caribbean,2015,NA,NA,NA,0.0351,NA,NA,NA,NA,Americas,NA,NA
VNM,Vietnam,East Asia & Pacific,2019,2.147389166586,199.9999999986961,2399.999999984353,0.010736945833,2540,2.5,2018,635,Asia,27.27184241582,0.04058058267564094
VNM,Vietnam,East Asia & Pacific,2018,2.14875693608,180.83333326432444,2169.9999991718933,0.01188252684,2360,2.5,2018,590,Asia,28.042763342399997,0.04370353090332203
VNM,Vietnam,East Asia & Pacific,2017,NA,NA,NA,0.0088,2120,2.5,2018,530,Asia,18.656000000000002,0.0352
VNM,Vietnam,East Asia & Pacific,2016,NA,NA,NA,0.0104,2080,2.6,2016,540.8000000000001,Asia,21.631999999999998,0.039999999999999994
VNM,Vietnam,East Asia & Pacific,2015,NA,NA,NA,0.0273,1970,2.6,2016,512.2,Asia,53.781000000000006,0.105
YEM,Yemen,Middle East & North Africa,2017,NA,NA,NA,NA,970,3,2014,291,Asia,NA,NA
YEM,Yemen,Middle East & North Africa,2016,NA,NA,NA,0.1339,1070,3,2014,321,Asia,143.273,0.4463333333333333
YEM,Yemen,Middle East & North Africa,2015,NA,NA,NA,0.1248,1150,3,2014,345,Asia,143.51999999999998,0.4159999999999999
ZMB,Zambia,Sub-Saharan Africa,2019,3.896486667725,119.16666666546882,1429.999999985626,0.032697790219,1450,1,2015,145,Africa,47.41179581755001,0.3224678621565517
ZMB,Zambia,Sub-Saharan Africa,2018,4.20256163513,108.33333333883263,1300.0000000659916,0.03879287663,1460,1,2015,146,Africa,56.6375998798,0.34541602480520556
ZMB,Zambia,Sub-Saharan Africa,2017,NA,NA,NA,0.1225,1300,1,2015,130,Africa,159.25,1.225
ZMB,Zambia,Sub-Saharan Africa,2016,NA,NA,NA,0.1225,1370,1,2015,137,Africa,167.825,1.2249999999999999
ZMB,Zambia,Sub-Saharan Africa,2015,NA,NA,NA,0.1494,1580,1,2015,158,Africa,236.05200000000002,1.4940000000000002
ZWE,Zimbabwe,Sub-Saharan Africa,2019,15,149.16666666648436,1789.9999999978122,0.100558659218,1390,2.5,2017,347.5,Africa,139.77653631302,0.5179856115107914
ZWE,Zimbabwe,Sub-Saharan Africa,2018,15,75.83333333417593,910.0000000101112,0.1978021978,1530,2.5,2017,382.5,Africa,302.637362634,0.47058823529411764
ZWE,Zimbabwe,Sub-Saharan Africa,2017,NA,NA,NA,0.3297,1360,2.5,2017,340,Africa,448.392,1.3188
ZWE,Zimbabwe,Sub-Saharan Africa,2016,NA,NA,NA,0.4468,1290,2.5,2017,322.5,Africa,576.372,1.7872
ZWE,Zimbabwe,Sub-Saharan Africa,2015,NA,NA,NA,NA,1280,2.5,2017,320,Africa,NA,NA
